trial_index,file_id,filename,true_label,attack_id,speaker_id,rawnet2_score,prob_bonafide,prob_spoof,predicted_label,inference_time_ms,device
1,LA_E_8210449,LA_E_8210449.flac,SPOOF,A17,LA_0013,-8.864828109741211,0.0001412713414073275,0.9998587569502351,SPOOF,32.50649999972666,cuda:0
2,LA_E_7516832,LA_E_7516832.flac,SPOOF,A10,LA_0012,-1.102030634880066,0.3321958298939535,0.6678041056990319,SPOOF,26.494899999306654,cuda:0
3,LA_E_6666104,LA_E_6666104.flac,BONAFIDE,-,LA_0046,-0.0012747265864163637,0.9987260855324056,0.0012738871362509238,BONAFIDE,31.797900001038215,cuda:0
4,LA_E_4244870,LA_E_4244870.flac,SPOOF,A18,LA_0008,-6.882396697998047,0.001025682844954903,0.9989743035550017,SPOOF,22.18420000099286,cuda:0
5,LA_E_9839765,LA_E_9839765.flac,SPOOF,A17,LA_0034,-7.987826347351074,0.00033957139200241267,0.9996604880359932,SPOOF,22.093999999924563,cuda:0
6,LA_E_9897022,LA_E_9897022.flac,BONAFIDE,-,LA_0018,-0.012225925922393799,0.9878485070637483,0.01215149446111537,BONAFIDE,23.786400000972208,cuda:0
7,LA_E_3454842,LA_E_3454842.flac,BONAFIDE,-,LA_0034,-5.751194477081299,0.003178981307446493,0.9968210509895069,SPOOF,28.20359999896027,cuda:0
8,LA_E_5118367,LA_E_5118367.flac,BONAFIDE,-,LA_0045,-2.4890177249908447,0.08299144697487809,0.9170085454254598,SPOOF,31.417700000019977,cuda:0
9,LA_E_9440420,LA_E_9440420.flac,BONAFIDE,-,LA_0006,-0.39122793078422546,0.6762260057483543,0.32377404814809035,BONAFIDE,29.310100000657258,cuda:0
10,LA_E_3091003,LA_E_3091003.flac,SPOOF,A09,LA_0029,-6.610944747924805,0.0013455603334011216,0.9986543905373626,SPOOF,27.31839999978547,cuda:0
11,LA_E_4494506,LA_E_4494506.flac,BONAFIDE,-,LA_0029,-0.18536394834518433,0.8308018598600361,0.16919815078314582,BONAFIDE,25.674900000012713,cuda:0
12,LA_E_6764440,LA_E_6764440.flac,BONAFIDE,-,LA_0053,-0.008008512668311596,0.9920234700343591,0.007976508598304195,BONAFIDE,30.958299999838346,cuda:0
13,LA_E_6758797,LA_E_6758797.flac,BONAFIDE,-,LA_0033,-0.9313743114471436,0.3940118431233923,0.6059881518345964,SPOOF,23.155199998655007,cuda:0
14,LA_E_5591261,LA_E_5591261.flac,BONAFIDE,-,LA_0005,-1.1413294076919556,0.3193941344355199,0.6806058556525745,SPOOF,31.973999999536318,cuda:0
15,LA_E_5613445,LA_E_5613445.flac,SPOOF,A15,LA_0011,-7.890262126922607,0.00037437142929265326,0.9996255846633859,SPOOF,32.090799999423325,cuda:0
16,LA_E_9117626,LA_E_9117626.flac,SPOOF,A18,LA_0031,-0.4558226466178894,0.6339262560948369,0.3660737428659479,BONAFIDE,27.416200000516255,cuda:0
17,LA_E_7890394,LA_E_7890394.flac,SPOOF,A12,LA_0030,-6.935271739959717,0.0009728586682169227,0.9990271267305862,SPOOF,24.103899999317946,cuda:0
18,LA_E_6914317,LA_E_6914317.flac,SPOOF,A07,LA_0018,-4.663601875305176,0.009432426717500293,0.9905676169563108,SPOOF,22.59290000074543,cuda:0
19,LA_E_1596239,LA_E_1596239.flac,BONAFIDE,-,LA_0041,-6.087447643280029,0.0022711984317948194,0.9977287498216749,SPOOF,23.426499999914085,cuda:0
20,LA_E_5050531,LA_E_5050531.flac,SPOOF,A14,LA_0009,-7.276765823364258,0.0006914181198350103,0.9993085876526846,SPOOF,24.263799999971525,cuda:0
21,LA_E_3783078,LA_E_3783078.flac,BONAFIDE,-,LA_0014,-0.0069843437522649765,0.9930399900916254,0.0069599619463775585,BONAFIDE,28.084400000807364,cuda:0
22,LA_E_2362137,LA_E_2362137.flac,BONAFIDE,-,LA_0058,-4.766108512878418,0.008513445745554255,0.9914865752791672,SPOOF,27.119300000777002,cuda:0
23,LA_E_7001747,LA_E_7001747.flac,SPOOF,A10,LA_0043,-3.3089609146118164,0.03655413689637796,0.9634459194511427,SPOOF,21.180600000661798,cuda:0
24,LA_E_6067961,LA_E_6067961.flac,BONAFIDE,-,LA_0009,-3.00020694732666,0.04977676613320969,0.9502232604337914,SPOOF,21.247100001346553,cuda:0
25,LA_E_8309979,LA_E_8309979.flac,BONAFIDE,-,LA_0067,-10.482657432556152,2.80181671176194e-05,0.9999719866022398,SPOOF,20.56810000067344,cuda:0
26,LA_E_3444316,LA_E_3444316.flac,BONAFIDE,-,LA_0061,-8.16391372680664,0.00028474579394050415,0.9997152900864609,SPOOF,20.53650000016205,cuda:0
27,LA_E_6400593,LA_E_6400593.flac,SPOOF,A11,LA_0044,-11.396135330200195,1.1238835408612121e-05,0.99998879445232,SPOOF,21.067300000140676,cuda:0
28,LA_E_2929931,LA_E_2929931.flac,BONAFIDE,-,LA_0012,-3.328521251678467,0.03584607321532418,0.9641539567047651,SPOOF,21.781000001283246,cuda:0
29,LA_E_1118214,LA_E_1118214.flac,SPOOF,A13,LA_0006,-6.265690803527832,0.0019004001617690404,0.9980996076385441,SPOOF,20.51699999901757,cuda:0
30,LA_E_3819347,LA_E_3819347.flac,SPOOF,A14,LA_0007,-10.979903221130371,1.7040746631330644e-05,0.9999829533624089,SPOOF,20.922000001519336,cuda:0
31,LA_E_8559895,LA_E_8559895.flac,SPOOF,A18,LA_0007,-8.820235252380371,0.00014771360616674175,0.9998523214951752,SPOOF,22.363799998856848,cuda:0
32,LA_E_7072688,LA_E_7072688.flac,SPOOF,A08,LA_0040,-10.264982223510742,3.4831715422375915e-05,0.9999651921008026,SPOOF,19.696000001204084,cuda:0
33,LA_E_6883827,LA_E_6883827.flac,SPOOF,A12,LA_0033,-5.802309989929199,0.003020569195784772,0.9969794472271218,SPOOF,22.016700000676792,cuda:0
34,LA_E_3142969,LA_E_3142969.flac,SPOOF,A10,LA_0001,-8.204483985900879,0.0002734247842245879,0.999726608666416,SPOOF,28.132499999628635,cuda:0
35,LA_E_4379866,LA_E_4379866.flac,SPOOF,A13,LA_0042,-3.8884494304656982,0.020477072559354527,0.9795229383633295,SPOOF,24.252100000012433,cuda:0
36,LA_E_6925972,LA_E_6925972.flac,BONAFIDE,-,LA_0016,-0.6909019947052002,0.5011238540859216,0.49887610719930986,BONAFIDE,21.052500000223517,cuda:0
37,LA_E_4335942,LA_E_4335942.flac,BONAFIDE,-,LA_0004,-3.833622455596924,0.021631115778157496,0.978368861214609,SPOOF,21.326000000044587,cuda:0
38,LA_E_5950324,LA_E_5950324.flac,SPOOF,A19,LA_0047,-9.766057968139648,5.7366045691650644e-05,0.9999426636198856,SPOOF,19.7889999999461,cuda:0
39,LA_E_7388854,LA_E_7388854.flac,BONAFIDE,-,LA_0009,-0.1657177358865738,0.8472853586902691,0.15271465072606424,BONAFIDE,25.01970000048459,cuda:0
40,LA_E_1612120,LA_E_1612120.flac,SPOOF,A08,LA_0006,-2.9099302291870117,0.05447953081774706,0.9455204198887531,SPOOF,22.154499998578103,cuda:0
41,LA_E_2965455,LA_E_2965455.flac,SPOOF,A09,LA_0024,-8.879541397094727,0.0001392079921147399,0.9998607829329756,SPOOF,26.50010000070324,cuda:0
42,LA_E_3105878,LA_E_3105878.flac,BONAFIDE,-,LA_0061,-0.004445788450539112,0.9955640794380033,0.0044358882520180555,BONAFIDE,23.97740000014892,cuda:0
43,LA_E_6679590,LA_E_6679590.flac,SPOOF,A17,LA_0041,-8.780484199523926,0.00015370364394677916,0.9998462436543534,SPOOF,24.10539999982575,cuda:0
44,LA_E_6657753,LA_E_6657753.flac,SPOOF,A13,LA_0023,-9.555364608764648,7.082031886889162e-05,0.9999291946990259,SPOOF,25.780599999052356,cuda:0
45,LA_E_5704275,LA_E_5704275.flac,SPOOF,A13,LA_0004,-6.0193190574646,0.0024313246238246208,0.9975686918353581,SPOOF,24.90850000140199,cuda:0
46,LA_E_6689240,LA_E_6689240.flac,SPOOF,A14,LA_0041,-7.150582313537598,0.0007844071773747951,0.9992156225317975,SPOOF,20.956999998816173,cuda:0
47,LA_E_9098424,LA_E_9098424.flac,BONAFIDE,-,LA_0067,-10.163675308227539,3.8545341503487094e-05,0.9999614968828868,SPOOF,25.317999999970198,cuda:0
48,LA_E_6865648,LA_E_6865648.flac,SPOOF,A14,LA_0006,-3.216965913772583,0.040076469445500744,0.9599235769432833,SPOOF,27.980199998637545,cuda:0
49,LA_E_3066139,LA_E_3066139.flac,SPOOF,A12,LA_0029,-4.374857425689697,0.012589937116080602,0.9874100220929066,SPOOF,19.85210000020743,cuda:0
50,LA_E_8534064,LA_E_8534064.flac,SPOOF,A13,LA_0035,-7.153200626373291,0.0007823560404247745,0.9992176459318082,SPOOF,23.071499999787193,cuda:0
51,LA_E_2486913,LA_E_2486913.flac,BONAFIDE,-,LA_0051,-0.00037877538125030696,0.9996212963450881,0.0003787423194673122,BONAFIDE,25.113100000453414,cuda:0
52,LA_E_3607606,LA_E_3607606.flac,SPOOF,A19,LA_0030,-5.51046085357666,0.004044243149765412,0.9959557960596718,SPOOF,20.544400000289897,cuda:0
53,LA_E_3177069,LA_E_3177069.flac,SPOOF,A16,LA_0036,-6.939493656158447,0.0009687599986542978,0.9990312909346835,SPOOF,25.447099998928024,cuda:0
54,LA_E_7986426,LA_E_7986426.flac,BONAFIDE,-,LA_0065,-0.004996788688004017,0.9950156744933234,0.004984383849245236,BONAFIDE,24.75369999956456,cuda:0
55,LA_E_8744180,LA_E_8744180.flac,BONAFIDE,-,LA_0044,-9.666507720947266,6.337077778797506e-05,0.9999365846769599,SPOOF,19.683500000610366,cuda:0
56,LA_E_3293930,LA_E_3293930.flac,BONAFIDE,-,LA_0052,-2.8690779209136963,0.056751231585231904,0.9432487196957383,SPOOF,25.86209999935818,cuda:0
57,LA_E_1422655,LA_E_1422655.flac,SPOOF,A11,LA_0036,-8.975613594055176,0.00012645632149379748,0.9998735349447194,SPOOF,19.567899998946814,cuda:0
58,LA_E_6197004,LA_E_6197004.flac,BONAFIDE,-,LA_0015,-3.8606302738189697,0.021054725098224637,0.9789452173383022,SPOOF,21.671999998943647,cuda:0
59,LA_E_7610339,LA_E_7610339.flac,SPOOF,A18,LA_0022,-0.0035461417865008116,0.9964601383486744,0.003539837794578797,BONAFIDE,56.210799999462324,cuda:0
60,LA_E_8547733,LA_E_8547733.flac,BONAFIDE,-,LA_0058,-4.784013271331787,0.00836237106960799,0.9916376530954348,SPOOF,31.01790000073379,cuda:0
61,LA_E_9047083,LA_E_9047083.flac,BONAFIDE,-,LA_0058,-0.01108712051063776,0.9889741150921968,0.01102590471105959,BONAFIDE,30.11039999910281,cuda:0
62,LA_E_5043905,LA_E_5043905.flac,BONAFIDE,-,LA_0042,-3.318441152572632,0.03620923245143814,0.9637907264716721,SPOOF,25.38009999989299,cuda:0
63,LA_E_1516842,LA_E_1516842.flac,SPOOF,A12,LA_0020,-7.5045576095581055,0.0005505693630995249,0.9994494371775127,SPOOF,23.782299998856615,cuda:0
64,LA_E_2298835,LA_E_2298835.flac,BONAFIDE,-,LA_0045,-5.192575454711914,0.005557674827328145,0.9944422907558976,SPOOF,23.794499998984975,cuda:0
65,LA_E_3841113,LA_E_3841113.flac,SPOOF,A07,LA_0012,-2.52589750289917,0.0799864924531916,0.9200135385502222,SPOOF,32.869900000150665,cuda:0
66,LA_E_5849185,LA_E_5849185.flac,BONAFIDE,-,LA_0030,-0.0023316359147429466,0.9976710802368409,0.002328959718542282,BONAFIDE,19.894200000635465,cuda:0
67,LA_E_9669594,LA_E_9669594.flac,BONAFIDE,-,LA_0022,-0.09018419682979584,0.9137628575474421,0.08623712524942476,BONAFIDE,25.97310000055586,cuda:0
68,LA_E_4295011,LA_E_4295011.flac,BONAFIDE,-,LA_0024,-2.5748875486897305e-05,0.9999742514560126,2.5726563816305825e-05,BONAFIDE,20.076100001460873,cuda:0
69,LA_E_5623414,LA_E_5623414.flac,BONAFIDE,-,LA_0035,-1.4258570671081543,0.2403024196244955,0.7596975833853573,SPOOF,30.285700000604265,cuda:0
70,LA_E_5891428,LA_E_5891428.flac,BONAFIDE,-,LA_0050,-0.0134189547970891,0.9866706780027383,0.013329321080836131,BONAFIDE,20.975700001145015,cuda:0
71,LA_E_9905321,LA_E_9905321.flac,BONAFIDE,-,LA_0055,-5.872603416442871,0.0028155337772682674,0.997184477625599,SPOOF,21.09259999997448,cuda:0
72,LA_E_1890179,LA_E_1890179.flac,SPOOF,A12,LA_0011,-7.919984817504883,0.0003634078438909792,0.9996365438278723,SPOOF,20.808299999771407,cuda:0
73,LA_E_9635335,LA_E_9635335.flac,SPOOF,A16,LA_0004,-0.027026133611798286,0.9733358044118946,0.02666418514701926,BONAFIDE,22.18899999934365,cuda:0
74,LA_E_7195650,LA_E_7195650.flac,SPOOF,A13,LA_0033,-10.071834564208984,4.225302689639858e-05,0.9999578016931774,SPOOF,28.751600000759936,cuda:0
75,LA_E_3599657,LA_E_3599657.flac,BONAFIDE,-,LA_0047,-4.899622440338135,0.007449395131137497,0.9925506120290734,SPOOF,19.660099998873193,cuda:0
76,LA_E_7996423,LA_E_7996423.flac,SPOOF,A13,LA_0048,-11.308408737182617,1.2269319795316676e-05,0.9999877215940446,SPOOF,25.539399999615853,cuda:0
77,LA_E_7377457,LA_E_7377457.flac,BONAFIDE,-,LA_0001,-0.005076139234006405,0.9949367225887512,0.00506324344036567,BONAFIDE,25.16479999940202,cuda:0
78,LA_E_3506812,LA_E_3506812.flac,BONAFIDE,-,LA_0022,-9.786603914108127e-05,0.9999021387495836,9.7895374980074e-05,BONAFIDE,20.010000000183936,cuda:0
79,LA_E_6334125,LA_E_6334125.flac,BONAFIDE,-,LA_0033,-0.303879052400589,0.7379501143481384,0.26204991308282816,BONAFIDE,22.74060000127065,cuda:0
80,LA_E_7790286,LA_E_7790286.flac,BONAFIDE,-,LA_0041,-9.223788261413574,9.866421294545964e-05,0.9999013044465942,SPOOF,26.170600000114064,cuda:0
81,LA_E_5332673,LA_E_5332673.flac,BONAFIDE,-,LA_0010,-0.07762335240840912,0.9253128777846451,0.07468712089422203,BONAFIDE,20.5537000001641,cuda:0
82,LA_E_3677013,LA_E_3677013.flac,SPOOF,A08,LA_0020,-5.300697326660156,0.004988114348737593,0.9950118978138696,SPOOF,19.821899999442394,cuda:0
83,LA_E_3379472,LA_E_3379472.flac,BONAFIDE,-,LA_0019,-0.10806464403867722,0.8975695720328594,0.10243041329065457,BONAFIDE,24.30860000094981,cuda:0
84,LA_E_4846990,LA_E_4846990.flac,SPOOF,A16,LA_0008,-10.096558570861816,4.1221171144443754e-05,0.999958755287689,SPOOF,19.400199998926837,cuda:0
85,LA_E_9251958,LA_E_9251958.flac,SPOOF,A11,LA_0002,-9.715051651000977,6.036798453017937e-05,0.9999396837375756,SPOOF,21.848399999726098,cuda:0
86,LA_E_7305496,LA_E_7305496.flac,SPOOF,A11,LA_0024,-8.555309295654297,0.000192520234465451,0.9998075140497616,SPOOF,27.41960000093968,cuda:0
87,LA_E_8744516,LA_E_8744516.flac,SPOOF,A14,LA_0004,-8.010626792907715,0.00033191661079278736,0.9996681123090606,SPOOF,29.625299999679555,cuda:0
88,LA_E_4704632,LA_E_4704632.flac,BONAFIDE,-,LA_0002,-0.003236890770494938,0.9967683423126062,0.003231629216594782,BONAFIDE,21.711900000809692,cuda:0
89,LA_E_5736014,LA_E_5736014.flac,SPOOF,A16,LA_0006,-0.5525209903717041,0.5754971572951301,0.42450274967532986,BONAFIDE,24.632099999507773,cuda:0
90,LA_E_6399750,LA_E_6399750.flac,SPOOF,A19,LA_0031,-9.946290969848633,4.790498586864049e-05,0.999952080163394,SPOOF,23.434100001395564,cuda:0
91,LA_E_1772316,LA_E_1772316.flac,BONAFIDE,-,LA_0035,-8.512391090393066,0.00020096272991773645,0.9997990535283231,SPOOF,24.24280000013823,cuda:0
92,LA_E_4009672,LA_E_4009672.flac,BONAFIDE,-,LA_0012,-0.0006074252305552363,0.9993927592148026,0.0006072097722247114,BONAFIDE,20.876599999610335,cuda:0
93,LA_E_1137577,LA_E_1137577.flac,BONAFIDE,-,LA_0025,-2.999107837677002,0.04983150633442647,0.950168475638725,SPOOF,21.91599999969185,cuda:0
94,LA_E_7969621,LA_E_7969621.flac,BONAFIDE,-,LA_0054,-7.168501853942871,0.0007704761528248255,0.9992295483574873,SPOOF,20.29489999949874,cuda:0
95,LA_E_5859240,LA_E_5859240.flac,BONAFIDE,-,LA_0066,-0.00026651646476238966,0.9997335190475957,0.00026647240433962674,BONAFIDE,23.711600000751787,cuda:0
96,LA_E_4534902,LA_E_4534902.flac,BONAFIDE,-,LA_0018,-0.09355726093053818,0.9106858692128867,0.08931409111558059,BONAFIDE,20.35260000047856,cuda:0
97,LA_E_5641828,LA_E_5641828.flac,BONAFIDE,-,LA_0048,-5.349995136260986,0.0047481740932348955,0.9952517780802852,SPOOF,28.618799999094335,cuda:0
98,LA_E_3944458,LA_E_3944458.flac,SPOOF,A18,LA_0020,-8.21192741394043,0.00027139712225875964,0.9997286341195252,SPOOF,39.36819999944419,cuda:0
99,LA_E_6726128,LA_E_6726128.flac,SPOOF,A07,LA_0022,-0.23441167175769806,0.7910361016341403,0.20896391039108642,BONAFIDE,25.913100000252598,cuda:0
100,LA_E_4367946,LA_E_4367946.flac,BONAFIDE,-,LA_0059,-5.708463191986084,0.0033177674005191037,0.9966822438532595,SPOOF,23.464800000510877,cuda:0
101,LA_E_2404593,LA_E_2404593.flac,BONAFIDE,-,LA_0025,-9.877561569213867,5.1313249246876375e-05,0.9999487426325072,SPOOF,21.147800000107964,cuda:0
102,LA_E_1636860,LA_E_1636860.flac,SPOOF,A12,LA_0021,-3.105881690979004,0.0447850146033149,0.9552149619821619,SPOOF,20.612799999071285,cuda:0
103,LA_E_6092883,LA_E_6092883.flac,SPOOF,A15,LA_0021,-8.911898612976074,0.00013477570401933053,0.9998651924758161,SPOOF,20.867400000497582,cuda:0
104,LA_E_5400327,LA_E_5400327.flac,BONAFIDE,-,LA_0042,-0.49932861328125,0.6069380130725954,0.3930619908844509,BONAFIDE,23.133700000471435,cuda:0
105,LA_E_3890504,LA_E_3890504.flac,BONAFIDE,-,LA_0041,-0.00374520942568779,0.9962617951239031,0.0037382006026841132,BONAFIDE,20.728199999211938,cuda:0
106,LA_E_8189776,LA_E_8189776.flac,BONAFIDE,-,LA_0009,-1.8310422897338867,0.16024645746411398,0.8397535361865174,SPOOF,21.06129999992845,cuda:0
107,LA_E_5753260,LA_E_5753260.flac,BONAFIDE,-,LA_0056,-5.778731346130371,0.0030926364056599906,0.9969074104943533,SPOOF,23.12040000106208,cuda:0
108,LA_E_3106208,LA_E_3106208.flac,SPOOF,A18,LA_0031,-11.466280937194824,1.0477494970302063e-05,0.9999895096921129,SPOOF,21.942900000794907,cuda:0
109,LA_E_2596343,LA_E_2596343.flac,SPOOF,A15,LA_0043,-3.351445198059082,0.035033686881296634,0.9649662576478324,SPOOF,23.390500000459724,cuda:0
110,LA_E_4461727,LA_E_4461727.flac,BONAFIDE,-,LA_0030,-0.00048708971007727087,0.9995130288988571,0.00048701744358890976,BONAFIDE,21.923900001638685,cuda:0
111,LA_E_1745462,LA_E_1745462.flac,BONAFIDE,-,LA_0009,-0.01705070026218891,0.9830938402559015,0.016906120624130466,BONAFIDE,20.075399999768706,cuda:0
112,LA_E_7828699,LA_E_7828699.flac,SPOOF,A17,LA_0010,-9.664787292480469,6.347989651661325e-05,0.9999364654825127,SPOOF,24.74660000007134,cuda:0
113,LA_E_3497087,LA_E_3497087.flac,BONAFIDE,-,LA_0057,-7.763861179351807,0.0004248131302121946,0.9995751994161622,SPOOF,24.18029999898863,cuda:0
114,LA_E_9830496,LA_E_9830496.flac,BONAFIDE,-,LA_0056,-0.14564131200313568,0.864467721776823,0.13553226790969078,BONAFIDE,21.55739999943762,cuda:0
115,LA_E_9165283,LA_E_9165283.flac,BONAFIDE,-,LA_0008,-6.745784282684326,0.0011758261375153151,0.9988241923917096,SPOOF,23.803699999916716,cuda:0
116,LA_E_2830807,LA_E_2830807.flac,SPOOF,A13,LA_0022,-0.904486358165741,0.40474972811278054,0.5952503189843065,SPOOF,22.787799998695846,cuda:0
117,LA_E_9978709,LA_E_9978709.flac,BONAFIDE,-,LA_0006,-0.0027348517905920744,0.9972688845097142,0.0027311284348560034,BONAFIDE,21.613900000374997,cuda:0
118,LA_E_9237052,LA_E_9237052.flac,SPOOF,A08,LA_0017,-5.12607479095459,0.00593982984907581,0.9940601273166598,SPOOF,27.873499999259366,cuda:0
119,LA_E_2408705,LA_E_2408705.flac,BONAFIDE,-,LA_0042,-7.777860164642334,0.0004189076095421684,0.9995810357342454,SPOOF,21.778800000902265,cuda:0
120,LA_E_1344566,LA_E_1344566.flac,SPOOF,A18,LA_0007,-0.00023231192608363926,0.9997677150562424,0.00023230967507098762,BONAFIDE,21.865500000785687,cuda:0
121,LA_E_1754025,LA_E_1754025.flac,SPOOF,A08,LA_0014,-8.785463333129883,0.00015294023510234938,0.9998470778750265,SPOOF,21.632099998896592,cuda:0
122,LA_E_6395551,LA_E_6395551.flac,BONAFIDE,-,LA_0036,-0.6936092972755432,0.4997689950219429,0.500231020400169,SPOOF,22.61230000112846,cuda:0
123,LA_E_1498668,LA_E_1498668.flac,SPOOF,A09,LA_0018,-9.468152046203613,7.727407454024199e-05,0.9999227583468039,SPOOF,21.894499999689288,cuda:0
124,LA_E_3555959,LA_E_3555959.flac,BONAFIDE,-,LA_0045,-0.002873223042115569,0.9971309007127747,0.0028691273121864832,BONAFIDE,20.508300000074087,cuda:0
125,LA_E_8366343,LA_E_8366343.flac,SPOOF,A10,LA_0019,-5.897217273712158,0.002747078560260179,0.997252879221406,SPOOF,24.443599999358412,cuda:0
126,LA_E_7720483,LA_E_7720483.flac,BONAFIDE,-,LA_0019,-3.8023574352264404,0.0223180963245215,0.9776819583675456,SPOOF,21.764799999800744,cuda:0
127,LA_E_1235225,LA_E_1235225.flac,BONAFIDE,-,LA_0027,-0.00018630675913300365,0.9998137105948935,0.00018633009352309946,BONAFIDE,30.829999999696156,cuda:0
128,LA_E_1895751,LA_E_1895751.flac,BONAFIDE,-,LA_0025,-1.5814435482025146,0.20567797772756827,0.7943219731138327,SPOOF,23.784400000295136,cuda:0
129,LA_E_5514068,LA_E_5514068.flac,SPOOF,A09,LA_0006,-8.761751174926758,0.0001566101166054556,0.9998433835264354,SPOOF,25.92509999885806,cuda:0
130,LA_E_7187269,LA_E_7187269.flac,SPOOF,A08,LA_0009,-2.8543922901153564,0.0575908089924649,0.9424092421423632,SPOOF,28.89569999933883,cuda:0
131,LA_E_6196004,LA_E_6196004.flac,SPOOF,A09,LA_0043,-6.753542900085449,0.001166738651134999,0.9988332311045681,SPOOF,21.224699999947916,cuda:0
132,LA_E_4650657,LA_E_4650657.flac,BONAFIDE,-,LA_0030,-0.00012468514614738524,0.9998753226267224,0.00012470993054834774,BONAFIDE,22.28829999876325,cuda:0
133,LA_E_6948364,LA_E_6948364.flac,BONAFIDE,-,LA_0044,-9.733087539672852,5.928895416754652e-05,0.999940756491565,SPOOF,22.69519999936165,cuda:0
134,LA_E_2547031,LA_E_2547031.flac,SPOOF,A18,LA_0029,-2.1079516410827637,0.12148655982035343,0.8785134711215975,SPOOF,21.793600000819424,cuda:0
135,LA_E_7829044,LA_E_7829044.flac,SPOOF,A19,LA_0023,-12.02453327178955,5.9953087366325425e-06,0.9999940395710211,SPOOF,25.61950000017532,cuda:0
136,LA_E_2245378,LA_E_2245378.flac,SPOOF,A13,LA_0001,-5.144878387451172,0.00582918322273292,0.9941708691544036,SPOOF,24.73930000087421,cuda:0
137,LA_E_4594525,LA_E_4594525.flac,SPOOF,A11,LA_0001,-5.5947370529174805,0.003717376680349128,0.9962826198071965,SPOOF,29.66729999934614,cuda:0
138,LA_E_7239566,LA_E_7239566.flac,SPOOF,A11,LA_0013,-9.478693008422852,7.646380942944002e-05,0.9999235926822447,SPOOF,23.74990000134858,cuda:0
139,LA_E_9476709,LA_E_9476709.flac,BONAFIDE,-,LA_0052,-0.013563028536736965,0.9865285349081471,0.013471454522629276,BONAFIDE,26.225699999486096,cuda:0
140,LA_E_1204914,LA_E_1204914.flac,BONAFIDE,-,LA_0035,-0.2635763883590698,0.7682989311029674,0.2317011010447598,BONAFIDE,21.704499999032123,cuda:0
141,LA_E_2779689,LA_E_2779689.flac,SPOOF,A19,LA_0043,-10.540422439575195,2.6445555717661048e-05,0.9999735362389561,SPOOF,20.21939999940514,cuda:0
142,LA_E_1837686,LA_E_1837686.flac,SPOOF,A08,LA_0042,-1.9801002740859985,0.1380553932384294,0.8619446260722818,SPOOF,22.572699999727774,cuda:0
143,LA_E_7728665,LA_E_7728665.flac,BONAFIDE,-,LA_0012,-0.28351160883903503,0.7531343790735378,0.24686559562661556,BONAFIDE,27.536600000530598,cuda:0
144,LA_E_4010626,LA_E_4010626.flac,BONAFIDE,-,LA_0034,-0.004904383327811956,0.9951076235233479,0.004892349284965982,BONAFIDE,24.04480000041076,cuda:0
145,LA_E_2333765,LA_E_2333765.flac,SPOOF,A09,LA_0046,-9.19090747833252,0.00010196229413843581,0.999898086446007,SPOOF,20.929799999066745,cuda:0
146,LA_E_3317367,LA_E_3317367.flac,SPOOF,A09,LA_0026,-10.485002517700195,2.7952539111855583e-05,0.9999721058045592,SPOOF,19.942699998864555,cuda:0
147,LA_E_6901928,LA_E_6901928.flac,BONAFIDE,-,LA_0063,-9.595693588256836,6.80210332403805e-05,0.9999319361258716,SPOOF,21.66649999890069,cuda:0
148,LA_E_6601631,LA_E_6601631.flac,SPOOF,A17,LA_0012,-8.257599830627441,0.0002592805622502077,0.999740667862359,SPOOF,22.558700000445242,cuda:0
149,LA_E_4732233,LA_E_4732233.flac,SPOOF,A14,LA_0029,-7.52889347076416,0.0005373325019727297,0.9994626549971048,SPOOF,26.769900001454516,cuda:0
150,LA_E_7862570,LA_E_7862570.flac,BONAFIDE,-,LA_0025,-6.289065361022949,0.0018564942881601457,0.9981435494913043,SPOOF,23.629599998457707,cuda:0
151,LA_E_5609818,LA_E_5609818.flac,BONAFIDE,-,LA_0034,-0.08531806617975235,0.9182201831643271,0.08177979654516877,BONAFIDE,22.134400000140886,cuda:0
152,LA_E_5513762,LA_E_5513762.flac,BONAFIDE,-,LA_0033,-4.664115905761719,0.009427579408827264,0.9905724132428979,SPOOF,21.569000000454253,cuda:0
153,LA_E_4446740,LA_E_4446740.flac,BONAFIDE,-,LA_0041,-0.7183384895324707,0.48756167216888713,0.512438349106064,SPOOF,22.069900000133202,cuda:0
154,LA_E_9808926,LA_E_9808926.flac,BONAFIDE,-,LA_0034,-5.954124927520752,0.002595113753912143,0.9974048902517317,SPOOF,20.515800000794115,cuda:0
155,LA_E_4220286,LA_E_4220286.flac,BONAFIDE,-,LA_0060,-0.011009424924850464,0.9890509570004973,0.010949081973107157,BONAFIDE,19.92909999898984,cuda:0
156,LA_E_8177958,LA_E_8177958.flac,BONAFIDE,-,LA_0022,-0.02970239333808422,0.9707343875846294,0.029265614181266823,BONAFIDE,21.53089999956137,cuda:0
157,LA_E_8622126,LA_E_8622126.flac,BONAFIDE,-,LA_0058,-0.0037965141236782074,0.9962106835245287,0.003789339949777765,BONAFIDE,29.528000000937027,cuda:0
158,LA_E_7491832,LA_E_7491832.flac,SPOOF,A15,LA_0026,-3.0578997135162354,0.04698627630053099,0.9530137379705785,SPOOF,27.351599999747123,cuda:0
159,LA_E_2914296,LA_E_2914296.flac,BONAFIDE,-,LA_0020,-10.625131607055664,2.429763330891827e-05,0.9999756818971167,SPOOF,27.080400001068483,cuda:0
160,LA_E_4817837,LA_E_4817837.flac,BONAFIDE,-,LA_0046,-3.358752489089966,0.0347786185994328,0.9652214092767888,SPOOF,26.184100001046318,cuda:0
161,LA_E_1311985,LA_E_1311985.flac,BONAFIDE,-,LA_0034,-2.7348222732543945,0.06490554152951873,0.9350944585455152,SPOOF,20.99869999983639,cuda:0
162,LA_E_3529845,LA_E_3529845.flac,SPOOF,A16,LA_0022,-0.12482406944036484,0.8826521744166731,0.1173477640033516,BONAFIDE,22.144999998999992,cuda:0
163,LA_E_3141295,LA_E_3141295.flac,SPOOF,A12,LA_0046,-7.860667705535889,0.0003856163072500451,0.9996143874960246,SPOOF,27.43929999996908,cuda:0
164,LA_E_1039225,LA_E_1039225.flac,SPOOF,A14,LA_0009,-8.085914611816406,0.0003078448573442559,0.9996921772023923,SPOOF,59.84840000019176,cuda:0
165,LA_E_5389379,LA_E_5389379.flac,SPOOF,A07,LA_0040,-3.519896984100342,0.02960248453739927,0.9703975021482956,SPOOF,38.037799999074196,cuda:0
166,LA_E_1353690,LA_E_1353690.flac,SPOOF,A14,LA_0001,-5.987772464752197,0.0025092472662192,0.9974907578096683,SPOOF,43.30370000025141,cuda:0
167,LA_E_2016209,LA_E_2016209.flac,SPOOF,A09,LA_0042,-5.638891220092773,0.0035568099400661566,0.9964432122294724,SPOOF,31.9350999998278,cuda:0
168,LA_E_6826863,LA_E_6826863.flac,BONAFIDE,-,LA_0044,-0.020943211391568184,0.9792745746308016,0.020725430731059757,BONAFIDE,20.65539999966859,cuda:0
169,LA_E_5035687,LA_E_5035687.flac,SPOOF,A16,LA_0017,-5.06898832321167,0.006288779135513415,0.9937112164124188,SPOOF,30.26730000055977,cuda:0
170,LA_E_3070815,LA_E_3070815.flac,BONAFIDE,-,LA_0047,-9.89362907409668,5.0495361666131495e-05,0.9999494578154603,SPOOF,30.615300000135903,cuda:0
171,LA_E_9398476,LA_E_9398476.flac,BONAFIDE,-,LA_0012,-1.4662635294371285e-05,0.9999853374722015,1.4647849825422358e-05,BONAFIDE,21.096599999509635,cuda:0
172,LA_E_9994368,LA_E_9994368.flac,BONAFIDE,-,LA_0008,-9.812056541442871,5.4787059004940984e-05,0.9999451667326904,SPOOF,21.15860000048997,cuda:0
173,LA_E_2557147,LA_E_2557147.flac,SPOOF,A11,LA_0020,-5.178258419036865,0.005637816583357933,0.9943621336869423,SPOOF,20.618300000933232,cuda:0
174,LA_E_8996625,LA_E_8996625.flac,SPOOF,A15,LA_0017,-5.912419319152832,0.0027056331726643358,0.9972943751758294,SPOOF,22.263099999690894,cuda:0
175,LA_E_5329393,LA_E_5329393.flac,BONAFIDE,-,LA_0060,-1.178287148475647,0.3078055124708683,0.6921944737517293,SPOOF,19.898599999578437,cuda:0
176,LA_E_6282678,LA_E_6282678.flac,BONAFIDE,-,LA_0026,-2.4464690685272217,0.0865988218051879,0.9134011894777565,SPOOF,22.610700001678197,cuda:0
177,LA_E_3168389,LA_E_3168389.flac,SPOOF,A12,LA_0024,-0.05112015828490257,0.9501644935369896,0.04983552219207815,BONAFIDE,20.11109999875771,cuda:0
178,LA_E_4984304,LA_E_4984304.flac,BONAFIDE,-,LA_0050,-6.8662193370983e-05,0.9999313401638235,6.870224744811444e-05,BONAFIDE,21.10720000018773,cuda:0
179,LA_E_7974334,LA_E_7974334.flac,SPOOF,A07,LA_0027,-4.649036407470703,0.00957081985918223,0.990429142614322,SPOOF,20.697100000688806,cuda:0
180,LA_E_3765806,LA_E_3765806.flac,BONAFIDE,-,LA_0057,-5.9296112060546875,0.002659515791432409,0.9973404991945075,SPOOF,24.288299999170704,cuda:0
181,LA_E_8432180,LA_E_8432180.flac,BONAFIDE,-,LA_0058,-1.1631780862808228,0.31249147621776807,0.6875085413453818,SPOOF,28.628800000660704,cuda:0
182,LA_E_5876546,LA_E_5876546.flac,BONAFIDE,-,LA_0061,-2.1685566902160645,0.11434252956382507,0.8856575254663014,SPOOF,26.482400000531925,cuda:0
183,LA_E_7455595,LA_E_7455595.flac,BONAFIDE,-,LA_0024,-0.00011908298620255664,0.9998809241038948,0.00011901924932405043,BONAFIDE,21.067899999252404,cuda:0
184,LA_E_8142396,LA_E_8142396.flac,SPOOF,A15,LA_0017,-5.841680526733398,0.0029039583432498707,0.9970960553360982,SPOOF,20.24179999898479,cuda:0
185,LA_E_8954069,LA_E_8954069.flac,SPOOF,A09,LA_0039,-7.58013391494751,0.0005104928558128387,0.9994894490131755,SPOOF,29.042599999229424,cuda:0
186,LA_E_4726326,LA_E_4726326.flac,SPOOF,A13,LA_0026,-2.8480451107025146,0.05795751071939773,0.9420425316208458,SPOOF,20.79080000112299,cuda:0
187,LA_E_4927073,LA_E_4927073.flac,BONAFIDE,-,LA_0035,-5.487827777862549,0.004136820514523617,0.9958632172765741,SPOOF,26.916399998299312,cuda:0
188,LA_E_5780087,LA_E_5780087.flac,BONAFIDE,-,LA_0012,-0.060992561280727386,0.9408302383220056,0.05916978954097353,BONAFIDE,20.984900000257767,cuda:0
189,LA_E_7811426,LA_E_7811426.flac,SPOOF,A09,LA_0041,-11.337708473205566,1.1915047352782442e-05,0.9999880792130387,SPOOF,24.09769999940181,cuda:0
190,LA_E_8433980,LA_E_8433980.flac,BONAFIDE,-,LA_0026,-9.237993240356445,9.72725972143383e-05,0.999902734679677,SPOOF,21.953499999654014,cuda:0
191,LA_E_5241267,LA_E_5241267.flac,SPOOF,A19,LA_0015,-9.272720336914062,9.395258320868252e-05,0.9999060719005844,SPOOF,21.14350000010745,cuda:0
192,LA_E_3757378,LA_E_3757378.flac,BONAFIDE,-,LA_0028,-7.010284423828125,0.0009025518446350901,0.9990974473525368,SPOOF,23.644099999728496,cuda:0
193,LA_E_5593348,LA_E_5593348.flac,SPOOF,A18,LA_0011,-11.545059204101562,9.683770635112624e-06,0.9999903441405488,SPOOF,23.784799999702955,cuda:0
194,LA_E_7862687,LA_E_7862687.flac,BONAFIDE,-,LA_0061,-3.0201032161712646,0.04879618154704543,0.9512037684323841,SPOOF,23.430700000972138,cuda:0
195,LA_E_5818870,LA_E_5818870.flac,BONAFIDE,-,LA_0050,-7.450663089752197,0.0005810561920174157,0.9994189540860882,SPOOF,19.41830000032496,cuda:0
196,LA_E_2553827,LA_E_2553827.flac,BONAFIDE,-,LA_0066,-0.024200627580285072,0.9760898595654257,0.02391013060053747,BONAFIDE,21.434999998746207,cuda:0
197,LA_E_3533493,LA_E_3533493.flac,SPOOF,A15,LA_0022,-0.08629047870635986,0.9173277283434822,0.08267232875634128,BONAFIDE,23.693499999353662,cuda:0
198,LA_E_6290182,LA_E_6290182.flac,BONAFIDE,-,LA_0013,-0.36544153094291687,0.6938902092328596,0.3061097609679731,BONAFIDE,21.61849999902188,cuda:0
199,LA_E_6458340,LA_E_6458340.flac,SPOOF,A13,LA_0015,-9.375483512878418,8.477723445040805e-05,0.9999152493809891,SPOOF,21.28629999970144,cuda:0
200,LA_E_2919347,LA_E_2919347.flac,BONAFIDE,-,LA_0019,-0.15471768379211426,0.8566569915012986,0.1433429691188858,BONAFIDE,21.085200000015902,cuda:0
201,LA_E_3264244,LA_E_3264244.flac,BONAFIDE,-,LA_0025,-5.03782844543457,0.006487821691023412,0.9935122006030265,SPOOF,21.02010000089649,cuda:0
202,LA_E_3027257,LA_E_3027257.flac,BONAFIDE,-,LA_0031,-0.79925137758255,0.44966546779395156,0.550334532746799,SPOOF,22.171399999933783,cuda:0
203,LA_E_5910912,LA_E_5910912.flac,BONAFIDE,-,LA_0028,-0.14764049649238586,0.8627412176911158,0.1372588045904316,BONAFIDE,20.625400000426453,cuda:0
204,LA_E_6787784,LA_E_6787784.flac,BONAFIDE,-,LA_0008,-2.5015809535980225,0.08195532857815163,0.9180447281060883,SPOOF,21.193299999140436,cuda:0
205,LA_E_4574179,LA_E_4574179.flac,SPOOF,A08,LA_0038,-7.594267845153809,0.0005033283360985084,0.9994967133702409,SPOOF,20.00940000107221,cuda:0
206,LA_E_9318500,LA_E_9318500.flac,BONAFIDE,-,LA_0065,-0.0031805664766579866,0.9968244861667227,0.0031755224902655097,BONAFIDE,23.637599999347003,cuda:0
207,LA_E_6892275,LA_E_6892275.flac,BONAFIDE,-,LA_0008,-7.3084940910339355,0.000669824988406856,0.9993301351896878,SPOOF,21.118299999216106,cuda:0
208,LA_E_5694987,LA_E_5694987.flac,BONAFIDE,-,LA_0020,-2.52591872215271,0.07998479521753556,0.9200151493908618,SPOOF,21.328700000594836,cuda:0
209,LA_E_2931199,LA_E_2931199.flac,BONAFIDE,-,LA_0043,-0.5416629314422607,0.5817799872845572,0.41821992378013056,BONAFIDE,24.33010000095237,cuda:0
210,LA_E_6461031,LA_E_6461031.flac,SPOOF,A13,LA_0041,-8.248929977416992,0.0002615382594751184,0.9997384040577275,SPOOF,23.965600001247367,cuda:0
211,LA_E_3306343,LA_E_3306343.flac,SPOOF,A12,LA_0027,-4.125916957855225,0.01614868013798662,0.983851369481444,SPOOF,25.180399999953806,cuda:0
212,LA_E_8354339,LA_E_8354339.flac,SPOOF,A09,LA_0023,-11.325308799743652,1.206370982755516e-05,0.9999879600069962,SPOOF,22.13859999937995,cuda:0
213,LA_E_2992000,LA_E_2992000.flac,BONAFIDE,-,LA_0046,-1.2019082307815552,0.30062001187313797,0.6993800200427496,SPOOF,27.59430000151042,cuda:0
214,LA_E_9617894,LA_E_9617894.flac,BONAFIDE,-,LA_0014,-4.618672847747803,0.009865880902538073,0.9901340784128638,SPOOF,21.647699999448378,cuda:0
215,LA_E_5903059,LA_E_5903059.flac,BONAFIDE,-,LA_0050,-0.00019608005823101848,0.9998039391642072,0.00019601728001897263,BONAFIDE,24.63309999984631,cuda:0
216,LA_E_9072241,LA_E_9072241.flac,BONAFIDE,-,LA_0002,-12.067190170288086,5.7449452870376035e-06,0.9999942779868433,SPOOF,29.016399999818532,cuda:0
217,LA_E_9067234,LA_E_9067234.flac,SPOOF,A16,LA_0010,-3.1565918922424316,0.04257057924965875,0.9574294344195359,SPOOF,29.136499999367516,cuda:0
218,LA_E_5323454,LA_E_5323454.flac,BONAFIDE,-,LA_0031,-1.3812127113342285,0.2512736458166151,0.7487262855690241,SPOOF,27.147099999638158,cuda:0
219,LA_E_6197222,LA_E_6197222.flac,BONAFIDE,-,LA_0038,-0.0013000854523852468,0.9987007592925866,0.0012992167324950017,BONAFIDE,25.58870000029856,cuda:0
220,LA_E_4247457,LA_E_4247457.flac,SPOOF,A19,LA_0043,-8.79586124420166,0.00015135821524288372,0.9998486271126596,SPOOF,25.69519999997283,cuda:0
221,LA_E_1894268,LA_E_1894268.flac,BONAFIDE,-,LA_0015,-0.052181147038936615,0.9491569143045008,0.05084311408048242,BONAFIDE,21.71699999962584,cuda:0
222,LA_E_7141383,LA_E_7141383.flac,BONAFIDE,-,LA_0065,-0.019768014550209045,0.9804260915147046,0.019573895473713996,BONAFIDE,20.021899999846937,cuda:0
223,LA_E_1957306,LA_E_1957306.flac,BONAFIDE,-,LA_0011,-0.004251608159393072,0.9957574171313803,0.004242621149409773,BONAFIDE,20.38899999934074,cuda:0
224,LA_E_2021989,LA_E_2021989.flac,BONAFIDE,-,LA_0044,-10.538043975830078,2.6508530374936807e-05,0.9999735362389561,SPOOF,21.40309999958845,cuda:0
225,LA_E_7993665,LA_E_7993665.flac,SPOOF,A14,LA_0019,-4.199823379516602,0.014998225580410321,0.985001769602021,SPOOF,20.31890000034764,cuda:0
226,LA_E_1876354,LA_E_1876354.flac,BONAFIDE,-,LA_0014,-2.635951519012451,0.07165075990211257,0.9283492061774231,SPOOF,21.23369999935676,cuda:0
227,LA_E_3199414,LA_E_3199414.flac,SPOOF,A10,LA_0012,-2.7182936668395996,0.06598725465845617,0.9340127895794261,SPOOF,21.008899999287678,cuda:0
228,LA_E_9334976,LA_E_9334976.flac,SPOOF,A19,LA_0014,-11.841590881347656,7.198838377997209e-06,0.9999928474936721,SPOOF,21.172400000068592,cuda:0
229,LA_E_1063675,LA_E_1063675.flac,SPOOF,A19,LA_0017,-10.565688133239746,2.5785760597076798e-05,0.9999742514560126,SPOOF,24.501100000634324,cuda:0
230,LA_E_1193863,LA_E_1193863.flac,SPOOF,A08,LA_0010,-7.689828872680664,0.00045745644833295547,0.9995425648792541,SPOOF,19.71860000048764,cuda:0
231,LA_E_3248749,LA_E_3248749.flac,BONAFIDE,-,LA_0038,-0.00019000156316906214,0.9998100164859848,0.00018992903529556235,BONAFIDE,24.55730000110634,cuda:0
232,LA_E_9419854,LA_E_9419854.flac,BONAFIDE,-,LA_0009,-0.04219967499375343,0.9586783373688847,0.041321620421719975,BONAFIDE,29.627000001710257,cuda:0
233,LA_E_8393759,LA_E_8393759.flac,SPOOF,A09,LA_0041,-10.625190734863281,2.429619668560304e-05,0.9999756818971167,SPOOF,26.608100000885315,cuda:0
234,LA_E_1145962,LA_E_1145962.flac,BONAFIDE,-,LA_0020,-11.139704704284668,1.452404938353601e-05,0.9999854566779314,SPOOF,23.79780000046594,cuda:0
235,LA_E_1101546,LA_E_1101546.flac,SPOOF,A08,LA_0002,-3.479029893875122,0.03083731199209248,0.9691626880618016,SPOOF,23.919999999634456,cuda:0
236,LA_E_4022756,LA_E_4022756.flac,BONAFIDE,-,LA_0068,-0.10500022768974304,0.9003243175916298,0.09967563102127977,BONAFIDE,21.120200000950717,cuda:0
237,LA_E_9028824,LA_E_9028824.flac,SPOOF,A09,LA_0013,-10.05018138885498,4.317791635717178e-05,0.9999568480995752,SPOOF,20.484799999394454,cuda:0
238,LA_E_3233972,LA_E_3233972.flac,SPOOF,A17,LA_0003,-6.201666355133057,0.002026051700173405,0.9979739789459952,SPOOF,22.743600000467268,cuda:0
239,LA_E_2810656,LA_E_2810656.flac,BONAFIDE,-,LA_0027,-0.000856747676152736,0.9991436192273488,0.0008563222205714942,BONAFIDE,24.946499999714433,cuda:0
240,LA_E_7179600,LA_E_7179600.flac,SPOOF,A07,LA_0016,-4.632245063781738,0.009732883611107464,0.9902670932200449,SPOOF,24.164300000848016,cuda:0
241,LA_E_3744905,LA_E_3744905.flac,BONAFIDE,-,LA_0051,-2.6321616172790527,0.0719228244645968,0.9280771345620097,SPOOF,21.57450000049721,cuda:0
242,LA_E_1377183,LA_E_1377183.flac,SPOOF,A08,LA_0044,-6.733306407928467,0.0011905898672233642,0.9988094453711692,SPOOF,21.336100000553415,cuda:0
243,LA_E_1064405,LA_E_1064405.flac,SPOOF,A07,LA_0009,-2.976792573928833,0.05095600967174341,0.9490439495001662,SPOOF,25.824000000284286,cuda:0
244,LA_E_2156023,LA_E_2156023.flac,SPOOF,A10,LA_0033,-0.16867178678512573,0.8447861278600839,0.15521380033161317,BONAFIDE,21.999700000378652,cuda:0
245,LA_E_3184392,LA_E_3184392.flac,SPOOF,A17,LA_0024,-11.990610122680664,6.202177470321508e-06,0.9999938011552557,SPOOF,26.036799999928917,cuda:0
246,LA_E_9578227,LA_E_9578227.flac,BONAFIDE,-,LA_0058,-0.16690726578235626,0.8462780866347325,0.15372194603695846,BONAFIDE,21.229399999356247,cuda:0
247,LA_E_9709651,LA_E_9709651.flac,SPOOF,A18,LA_0047,-0.8712562322616577,0.41842557923482226,0.5815743902597881,SPOOF,24.998500000947388,cuda:0
248,LA_E_4350971,LA_E_4350971.flac,SPOOF,A13,LA_0014,-2.6691479682922363,0.06931125554538803,0.930688790261844,SPOOF,20.43220000086876,cuda:0
249,LA_E_5486391,LA_E_5486391.flac,BONAFIDE,-,LA_0058,-6.888595104217529,0.0010193449088728053,0.9989806086742293,SPOOF,20.29210000000603,cuda:0
250,LA_E_3681100,LA_E_3681100.flac,BONAFIDE,-,LA_0037,-1.4491945505142212,0.23475929872075957,0.7652407388434517,SPOOF,21.41930000107095,cuda:0
251,LA_E_6452847,LA_E_6452847.flac,SPOOF,A17,LA_0027,-7.835806369781494,0.00039532340952114366,0.9996046199625587,SPOOF,27.79240000018035,cuda:0
252,LA_E_4149038,LA_E_4149038.flac,BONAFIDE,-,LA_0066,-0.20596857368946075,0.8138586524557834,0.18614135825923536,BONAFIDE,21.289799999067327,cuda:0
253,LA_E_9195169,LA_E_9195169.flac,BONAFIDE,-,LA_0055,-0.05563874542713165,0.9458807779332223,0.05411927123977764,BONAFIDE,21.23589999973774,cuda:0
254,LA_E_1783571,LA_E_1783571.flac,BONAFIDE,-,LA_0056,-0.004679324571043253,0.995331606411659,0.004668359046718368,BONAFIDE,21.604999999908614,cuda:0
255,LA_E_4230786,LA_E_4230786.flac,BONAFIDE,-,LA_0001,-2.3107306957244873,0.099188748279668,0.9008112107851765,SPOOF,20.056200000908575,cuda:0
256,LA_E_3030272,LA_E_3030272.flac,BONAFIDE,-,LA_0033,-0.77581787109375,0.46032713873710984,0.5396728575322753,SPOOF,20.894100000077742,cuda:0
257,LA_E_5033229,LA_E_5033229.flac,BONAFIDE,-,LA_0060,-7.927873611450195,0.0003605522726083672,0.9996394027676961,SPOOF,21.619299999656505,cuda:0
258,LA_E_5650977,LA_E_5650977.flac,BONAFIDE,-,LA_0052,-8.368468284606934,0.00023207074797735997,0.9997679533758232,SPOOF,23.083300000507734,cuda:0
259,LA_E_5862458,LA_E_5862458.flac,BONAFIDE,-,LA_0002,-2.7799720764160156,0.06204023973901609,0.9379598159394705,SPOOF,22.38740000029793,cuda:0
260,LA_E_3581006,LA_E_3581006.flac,BONAFIDE,-,LA_0003,-9.83250617980957,5.367806140817763e-05,0.99994635869545,SPOOF,20.64750000135973,cuda:0
261,LA_E_9910906,LA_E_9910906.flac,SPOOF,A18,LA_0005,-4.26605749130249,0.014037015260016421,0.985963034047585,SPOOF,23.27010000044538,cuda:0
262,LA_E_2687712,LA_E_2687712.flac,BONAFIDE,-,LA_0031,-4.693501949310303,0.009154571112444212,0.990845384108481,SPOOF,23.357099998975173,cuda:0
263,LA_E_5252960,LA_E_5252960.flac,SPOOF,A12,LA_0016,-6.7670722007751465,0.001151059794238895,0.9988489302384433,SPOOF,28.804700001273886,cuda:0
264,LA_E_1911910,LA_E_1911910.flac,BONAFIDE,-,LA_0034,-0.009983958676457405,0.990065715586257,0.00993423185990941,BONAFIDE,20.627599998988444,cuda:0
265,LA_E_4827168,LA_E_4827168.flac,SPOOF,A19,LA_0024,-7.3304266929626465,0.0006552939181602054,0.9993446594303591,SPOOF,20.91399999881105,cuda:0
266,LA_E_4060503,LA_E_4060503.flac,SPOOF,A12,LA_0043,-5.10722017288208,0.006052885533952464,0.993947054902245,SPOOF,20.134000000325614,cuda:0
267,LA_E_3338123,LA_E_3338123.flac,BONAFIDE,-,LA_0003,-0.009202091954648495,0.9908401177218571,0.009159867679797375,BONAFIDE,24.26510000077542,cuda:0
268,LA_E_3605433,LA_E_3605433.flac,BONAFIDE,-,LA_0030,-0.005432485602796078,0.9945822436628714,0.005417746768045947,BONAFIDE,26.255000000674045,cuda:0
269,LA_E_4852262,LA_E_4852262.flac,BONAFIDE,-,LA_0004,-1.7668681144714355,0.1708672884941167,0.829132745785368,SPOOF,23.919999999634456,cuda:0
270,LA_E_7157393,LA_E_7157393.flac,SPOOF,A13,LA_0017,-9.84798526763916,5.285357161844871e-05,0.9999471930724098,SPOOF,20.225700000082725,cuda:0
271,LA_E_5326497,LA_E_5326497.flac,SPOOF,A11,LA_0043,-2.7713727951049805,0.06257604166711943,0.9374239979077077,SPOOF,21.950099999230588,cuda:0
272,LA_E_9476637,LA_E_9476637.flac,SPOOF,A12,LA_0041,-2.007995843887329,0.13425747816227945,0.8657425324433257,SPOOF,20.54870000029041,cuda:0
273,LA_E_9063665,LA_E_9063665.flac,SPOOF,A10,LA_0026,-0.5820361971855164,0.5587594629968473,0.4412405077853002,BONAFIDE,22.499900000184425,cuda:0
274,LA_E_8204966,LA_E_8204966.flac,BONAFIDE,-,LA_0043,-0.03741176053881645,0.9632794132271801,0.036720608818921766,BONAFIDE,22.118299999419833,cuda:0
275,LA_E_1312327,LA_E_1312327.flac,SPOOF,A17,LA_0006,-5.296453475952148,0.00500932814359844,0.9949906539694564,SPOOF,24.702099999558413,cuda:0
276,LA_E_8632976,LA_E_8632976.flac,SPOOF,A15,LA_0031,-8.972230911254883,0.0001268848074249169,0.9998730582261783,SPOOF,23.14950000072713,cuda:0
277,LA_E_4862472,LA_E_4862472.flac,SPOOF,A07,LA_0007,-6.674388885498047,0.001262844092419759,0.9987371438660386,SPOOF,20.568799998727627,cuda:0
278,LA_E_5979927,LA_E_5979927.flac,SPOOF,A08,LA_0021,-8.332921981811523,0.0002404683731086933,0.9997594935092181,SPOOF,21.3636000007682,cuda:0
279,LA_E_9856020,LA_E_9856020.flac,SPOOF,A19,LA_0019,-10.569462776184082,2.5688612023710352e-05,0.9999743706604208,SPOOF,20.658999999795924,cuda:0
280,LA_E_3958544,LA_E_3958544.flac,SPOOF,A19,LA_0006,-6.46509313583374,0.0015568462543030018,0.9984431699400592,SPOOF,21.149899999727495,cuda:0
281,LA_E_6512887,LA_E_6512887.flac,BONAFIDE,-,LA_0006,-0.00828981027007103,0.991744455456255,0.008255524917433102,BONAFIDE,21.56950000062352,cuda:0
282,LA_E_5313973,LA_E_5313973.flac,BONAFIDE,-,LA_0060,-3.049760103225708,0.04737028700720927,0.9526297525473365,SPOOF,21.56509999986156,cuda:0
283,LA_E_6162524,LA_E_6162524.flac,BONAFIDE,-,LA_0063,-1.3662323951721191,0.2550661399321056,0.7449338773371533,SPOOF,24.29420000044047,cuda:0
284,LA_E_5667435,LA_E_5667435.flac,BONAFIDE,-,LA_0051,-4.296821594238281,0.013611754007590716,0.9863882872452172,SPOOF,20.125899998674868,cuda:0
285,LA_E_4260938,LA_E_4260938.flac,SPOOF,A17,LA_0041,-8.779898643493652,0.0001537936723981461,0.9998462436543534,SPOOF,21.026500000516535,cuda:0
286,LA_E_4557836,LA_E_4557836.flac,SPOOF,A17,LA_0038,-8.536426544189453,0.00019619008560597205,0.9998038200073951,SPOOF,23.724499998934334,cuda:0
287,LA_E_4932099,LA_E_4932099.flac,BONAFIDE,-,LA_0031,-0.15283994376659393,0.8582670818148098,0.14173290684850734,BONAFIDE,19.594899998992332,cuda:0
288,LA_E_1023824,LA_E_1023824.flac,BONAFIDE,-,LA_0017,-4.4252119064331055,0.011971674157225632,0.9880282695148005,SPOOF,21.094400000947644,cuda:0
289,LA_E_5035954,LA_E_5035954.flac,SPOOF,A15,LA_0042,-1.799290418624878,0.16541622285831017,0.8345838019966031,SPOOF,20.75890000014624,cuda:0
290,LA_E_7231301,LA_E_7231301.flac,SPOOF,A08,LA_0048,-4.606598854064941,0.00998572351983553,0.9900143022672901,SPOOF,23.93339999980526,cuda:0
291,LA_E_5200752,LA_E_5200752.flac,SPOOF,A11,LA_0024,-9.137530326843262,0.00010755262160700349,0.9998924847781113,SPOOF,21.075100001326064,cuda:0
292,LA_E_8847733,LA_E_8847733.flac,SPOOF,A07,LA_0014,-0.9710361957550049,0.37869043730928786,0.621309561213079,SPOOF,20.1374999996915,cuda:0
293,LA_E_5824773,LA_E_5824773.flac,SPOOF,A14,LA_0006,-9.644868850708008,6.475699380999338e-05,0.999935273546097,SPOOF,21.68820000042615,cuda:0
294,LA_E_9862588,LA_E_9862588.flac,BONAFIDE,-,LA_0027,-0.622488260269165,0.5366075557683243,0.4633923976479674,BONAFIDE,43.47779999989143,cuda:0
295,LA_E_5419661,LA_E_5419661.flac,BONAFIDE,-,LA_0017,-0.0007846852531656623,0.9992156225317975,0.0007843361140410059,BONAFIDE,31.59570000025269,cuda:0
296,LA_E_1873948,LA_E_1873948.flac,BONAFIDE,-,LA_0061,-11.805367469787598,7.464385336196848e-06,0.9999924898711537,SPOOF,25.355400000989903,cuda:0
297,LA_E_2095975,LA_E_2095975.flac,BONAFIDE,-,LA_0043,-0.057108815759420395,0.944491288237726,0.05550868404230762,BONAFIDE,23.80769999945187,cuda:0
298,LA_E_3558164,LA_E_3558164.flac,SPOOF,A16,LA_0004,-4.9046196937561035,0.0074122614762752405,0.992587724461305,SPOOF,24.96130000145058,cuda:0
299,LA_E_2406660,LA_E_2406660.flac,SPOOF,A12,LA_0035,-2.8427860736846924,0.05826311429965104,0.9417368929925408,SPOOF,20.600899999408284,cuda:0
300,LA_E_3988178,LA_E_3988178.flac,SPOOF,A12,LA_0045,-8.002533912658691,0.00033461367094878003,0.9996653723401436,SPOOF,21.077400000649504,cuda:0
301,LA_E_1554746,LA_E_1554746.flac,SPOOF,A19,LA_0026,-11.299409866333008,1.238022809586148e-05,0.9999876023871354,SPOOF,23.697399999946356,cuda:0
302,LA_E_4534151,LA_E_4534151.flac,BONAFIDE,-,LA_0011,-2.779444456100464,0.0620729820668832,0.937926992256383,SPOOF,23.09640000021318,cuda:0
303,LA_E_7119102,LA_E_7119102.flac,SPOOF,A12,LA_0033,-11.671065330505371,8.537303661630676e-06,0.9999914170043662,SPOOF,20.13040000019828,cuda:0
304,LA_E_3515491,LA_E_3515491.flac,BONAFIDE,-,LA_0040,-9.33860969543457,8.796164458969716e-05,0.9999120312845954,SPOOF,20.58460000080231,cuda:0
305,LA_E_7546985,LA_E_7546985.flac,SPOOF,A09,LA_0012,-9.848057746887207,5.2849740970144144e-05,0.9999471930724098,SPOOF,23.98640000137675,cuda:0
306,LA_E_7991213,LA_E_7991213.flac,BONAFIDE,-,LA_0032,-3.3710668087005615,0.03435296974128162,0.9656470757279461,SPOOF,21.00090000021737,cuda:0
307,LA_E_8506338,LA_E_8506338.flac,SPOOF,A18,LA_0048,-0.0750364288687706,0.927709690298416,0.07229029290660152,BONAFIDE,20.636999999624095,cuda:0
308,LA_E_3682344,LA_E_3682344.flac,SPOOF,A17,LA_0025,-7.96311616897583,0.0003480667908151429,0.9996519108855794,SPOOF,20.126499999605585,cuda:0
309,LA_E_4855153,LA_E_4855153.flac,SPOOF,A15,LA_0035,-2.4420838356018066,0.08697941168760831,0.9130206240660901,SPOOF,20.856799999819486,cuda:0
310,LA_E_9941606,LA_E_9941606.flac,SPOOF,A15,LA_0037,-4.2029571533203125,0.014951298102439272,0.9850487300923391,SPOOF,23.240500000611064,cuda:0
311,LA_E_4837413,LA_E_4837413.flac,SPOOF,A14,LA_0016,-5.96432638168335,0.0025687743981968178,0.9974312181087334,SPOOF,19.75999999922351,cuda:0
312,LA_E_4678440,LA_E_4678440.flac,SPOOF,A07,LA_0045,-3.3771140575408936,0.03414585565123843,0.9658540982526247,SPOOF,22.763899998608395,cuda:0
313,LA_E_8601887,LA_E_8601887.flac,BONAFIDE,-,LA_0068,-10.477765083312988,2.8155577632348458e-05,0.9999718673999347,SPOOF,25.32910000081756,cuda:0
314,LA_E_1579654,LA_E_1579654.flac,SPOOF,A18,LA_0043,-1.4383494853973389,0.23731913430434343,0.7626808884548273,SPOOF,23.64119999947434,cuda:0
315,LA_E_3850054,LA_E_3850054.flac,SPOOF,A07,LA_0041,-6.90057897567749,0.0010072021146756743,0.9989927433728854,SPOOF,22.707599999193917,cuda:0
316,LA_E_4408989,LA_E_4408989.flac,SPOOF,A19,LA_0016,-10.956250190734863,1.7448616594077926e-05,0.9999825957461574,SPOOF,22.190599998793914,cuda:0
317,LA_E_1086117,LA_E_1086117.flac,BONAFIDE,-,LA_0032,-7.57364559173584,0.0005138158671867526,0.9994862336397974,SPOOF,22.780899998906534,cuda:0
318,LA_E_6322548,LA_E_6322548.flac,SPOOF,A18,LA_0012,-7.9512457847595215,0.00035222309702695047,0.9996477414761661,SPOOF,23.80319999974745,cuda:0
319,LA_E_2038545,LA_E_2038545.flac,BONAFIDE,-,LA_0010,-0.2531917691230774,0.7763189935354873,0.22368096327175843,BONAFIDE,22.39000000008673,cuda:0
320,LA_E_5272368,LA_E_5272368.flac,BONAFIDE,-,LA_0013,-1.8909378051757812,0.15093019932357502,0.8490698472455612,SPOOF,21.342600000934908,cuda:0
321,LA_E_3155275,LA_E_3155275.flac,SPOOF,A07,LA_0030,-3.291482448577881,0.03719866339546861,0.9628013505214434,SPOOF,20.924700000250596,cuda:0
322,LA_E_7769271,LA_E_7769271.flac,BONAFIDE,-,LA_0064,-1.6678290367126465,0.18865618704028672,0.8113438344467975,SPOOF,20.37000000018452,cuda:0
323,LA_E_1967135,LA_E_1967135.flac,BONAFIDE,-,LA_0016,-1.6193596124649048,0.19802547153113456,0.801974538701359,SPOOF,20.793400000911788,cuda:0
324,LA_E_5980440,LA_E_5980440.flac,BONAFIDE,-,LA_0066,-0.0011194637045264244,0.9988811626612134,0.0011188706746096783,BONAFIDE,20.389600000271457,cuda:0
325,LA_E_2616113,LA_E_2616113.flac,BONAFIDE,-,LA_0022,-0.9108806252479553,0.4021699070721671,0.5978301217497254,SPOOF,24.27180000086082,cuda:0
326,LA_E_1831235,LA_E_1831235.flac,BONAFIDE,-,LA_0042,-8.781569480895996,0.00015353692273126335,0.9998464820072032,SPOOF,21.843700000317767,cuda:0
327,LA_E_6971142,LA_E_6971142.flac,SPOOF,A18,LA_0010,-7.202325344085693,0.0007448517563978321,0.9992551395675519,SPOOF,23.18860000013956,cuda:0
328,LA_E_1535034,LA_E_1535034.flac,SPOOF,A19,LA_0041,-8.921565055847168,0.00013347917886479108,0.9998665034129377,SPOOF,24.936499999967054,cuda:0
329,LA_E_2790922,LA_E_2790922.flac,BONAFIDE,-,LA_0068,-12.066598892211914,5.748343151677076e-06,0.9999942779868433,SPOOF,21.156599999812897,cuda:0
330,LA_E_4595991,LA_E_4595991.flac,BONAFIDE,-,LA_0031,-8.469731330871582,0.00020972124141780107,0.9997902356565035,SPOOF,21.28389999961655,cuda:0
331,LA_E_9266843,LA_E_9266843.flac,BONAFIDE,-,LA_0012,-0.8754394054412842,0.41667888847616685,0.5833211195369477,SPOOF,19.826199999442906,cuda:0
332,LA_E_5871315,LA_E_5871315.flac,BONAFIDE,-,LA_0010,-0.03076980821788311,0.9696987640732923,0.030301236083590276,BONAFIDE,20.445400001335656,cuda:0
333,LA_E_1412604,LA_E_1412604.flac,BONAFIDE,-,LA_0060,-1.6832301616668701,0.18577292922809757,0.8142270097301666,SPOOF,23.12309999979334,cuda:0
334,LA_E_8357084,LA_E_8357084.flac,BONAFIDE,-,LA_0061,-9.528457641601562,7.27517467711034e-05,0.99992728761822,SPOOF,24.962600000435486,cuda:0
335,LA_E_1874581,LA_E_1874581.flac,SPOOF,A10,LA_0041,-0.4590364694595337,0.6318921997122686,0.36810781932161635,BONAFIDE,28.63669999896956,cuda:0
336,LA_E_5896583,LA_E_5896583.flac,SPOOF,A08,LA_0006,-6.149378776550293,0.002134807550703161,0.9978652369443681,SPOOF,29.385799998635775,cuda:0
337,LA_E_3489613,LA_E_3489613.flac,BONAFIDE,-,LA_0050,-0.00762161472812295,0.9924073561291151,0.007592667355832746,BONAFIDE,29.063700001643156,cuda:0
338,LA_E_9534087,LA_E_9534087.flac,SPOOF,A09,LA_0024,-8.719449043273926,0.0001633771798856644,0.9998365907754261,SPOOF,22.228300000278978,cuda:0
339,LA_E_7999038,LA_E_7999038.flac,BONAFIDE,-,LA_0026,-0.026888975873589516,0.9734693141050798,0.026530725847475803,BONAFIDE,29.582499999378342,cuda:0
340,LA_E_1463850,LA_E_1463850.flac,SPOOF,A15,LA_0036,-6.850081920623779,0.0010593689051912806,0.9989406376178476,SPOOF,21.218200001385412,cuda:0
341,LA_E_4572065,LA_E_4572065.flac,SPOOF,A13,LA_0041,-5.070577144622803,0.006278795321921648,0.9937212221350835,SPOOF,20.47159999892756,cuda:0
342,LA_E_6352182,LA_E_6352182.flac,BONAFIDE,-,LA_0048,-0.5750989317893982,0.5626492021610274,0.43735073406621816,BONAFIDE,25.20600000025297,cuda:0
343,LA_E_7834754,LA_E_7834754.flac,SPOOF,A16,LA_0033,-9.215950012207031,9.944060644213724e-05,0.9999005893344576,SPOOF,20.065599999725237,cuda:0
344,LA_E_9632143,LA_E_9632143.flac,BONAFIDE,-,LA_0037,-5.872617721557617,0.002815493501022591,0.997184477625599,SPOOF,20.83379999930912,cuda:0
345,LA_E_2207289,LA_E_2207289.flac,SPOOF,A14,LA_0015,-8.657938003540039,0.00017374219358428172,0.9998262230616846,SPOOF,30.764200000703568,cuda:0
346,LA_E_8228779,LA_E_8228779.flac,SPOOF,A17,LA_0019,-9.500749588012695,7.47957428769901e-05,0.9999252613624905,SPOOF,21.419000000605593,cuda:0
347,LA_E_7086427,LA_E_7086427.flac,BONAFIDE,-,LA_0003,-0.49040210247039795,0.6123801051179231,0.3876198515834919,BONAFIDE,19.97730000039155,cuda:0
348,LA_E_7502451,LA_E_7502451.flac,SPOOF,A12,LA_0018,-0.8981587290763855,0.4073189542489059,0.5926810482317092,SPOOF,21.14660000006552,cuda:0
349,LA_E_3191926,LA_E_3191926.flac,BONAFIDE,-,LA_0031,-3.8723440170288086,0.02080953430962015,0.97919044252818,SPOOF,24.4007999990572,cuda:0
350,LA_E_5042332,LA_E_5042332.flac,SPOOF,A16,LA_0042,-1.4486008882522583,0.2348987078339253,0.7651012931586045,SPOOF,20.40309999938472,cuda:0
351,LA_E_5821103,LA_E_5821103.flac,BONAFIDE,-,LA_0027,-6.676116466522217,0.0012606643103464195,0.9987392842515778,SPOOF,21.396000000095228,cuda:0
352,LA_E_8478574,LA_E_8478574.flac,BONAFIDE,-,LA_0018,-9.275247573852539,9.371544255146316e-05,0.999906310274972,SPOOF,25.118300000031013,cuda:0
353,LA_E_1499507,LA_E_1499507.flac,BONAFIDE,-,LA_0066,-0.0012859179405495524,0.9987149084976435,0.0012850567719127513,BONAFIDE,22.480199999336037,cuda:0
354,LA_E_7829061,LA_E_7829061.flac,BONAFIDE,-,LA_0017,-0.34154972434043884,0.7106681292372794,0.2893318530359208,BONAFIDE,23.6166000013327,cuda:0
355,LA_E_5104511,LA_E_5104511.flac,BONAFIDE,-,LA_0001,-3.4332923889160156,0.03228048570998012,0.96771952646977,SPOOF,25.019400000019232,cuda:0
356,LA_E_8047059,LA_E_8047059.flac,SPOOF,A08,LA_0008,-7.984987258911133,0.0003405368350565989,0.9996594158954403,SPOOF,26.21709999948507,cuda:0
357,LA_E_6074132,LA_E_6074132.flac,BONAFIDE,-,LA_0036,-1.9132400751113892,0.14760137146193747,0.8523985887089006,SPOOF,25.181099999826984,cuda:0
358,LA_E_2047379,LA_E_2047379.flac,SPOOF,A16,LA_0047,-8.452336311340332,0.0002134012607189161,0.9997865417361715,SPOOF,20.68640000106825,cuda:0
359,LA_E_1502591,LA_E_1502591.flac,SPOOF,A14,LA_0019,-8.993196487426758,0.00012425228691197258,0.9998757993463431,SPOOF,24.552299999413663,cuda:0
360,LA_E_3166347,LA_E_3166347.flac,BONAFIDE,-,LA_0064,-2.6168880462646484,0.07302977485509894,0.9269702516669107,SPOOF,24.303099999087863,cuda:0
361,LA_E_4056707,LA_E_4056707.flac,SPOOF,A11,LA_0031,-3.5303099155426025,0.029295835225327582,0.9707041705245734,SPOOF,28.12420000009297,cuda:0
362,LA_E_6799052,LA_E_6799052.flac,BONAFIDE,-,LA_0026,-0.001696815132163465,0.9983046236447384,0.0016953442506213337,BONAFIDE,26.222899999993388,cuda:0
363,LA_E_9274391,LA_E_9274391.flac,BONAFIDE,-,LA_0015,-1.171219825744629,0.30998857849548767,0.6900113936643678,SPOOF,24.548999999751686,cuda:0
364,LA_E_9738502,LA_E_9738502.flac,BONAFIDE,-,LA_0042,-0.007646694779396057,0.9923824668138536,0.0076174935651859175,BONAFIDE,29.44990000105463,cuda:0
365,LA_E_6147346,LA_E_6147346.flac,BONAFIDE,-,LA_0004,-5.230897903442383,0.005348720511303927,0.9946512319166457,SPOOF,19.889499999408145,cuda:0
366,LA_E_9347520,LA_E_9347520.flac,SPOOF,A10,LA_0004,-5.840593338012695,0.002907117210837506,0.9970928553233799,SPOOF,21.077800000057323,cuda:0
367,LA_E_9519495,LA_E_9519495.flac,SPOOF,A17,LA_0043,-9.23088264465332,9.796672824404501e-05,0.9999020195665175,SPOOF,21.73899999979767,cuda:0
368,LA_E_6327702,LA_E_6327702.flac,SPOOF,A16,LA_0020,-0.004500736016780138,0.9955093771176946,0.004490617510033429,BONAFIDE,21.795599999677506,cuda:0
369,LA_E_9195890,LA_E_9195890.flac,SPOOF,A10,LA_0007,-6.249556541442871,0.0019313104024788299,0.9980687318613696,SPOOF,21.329400000468013,cuda:0
370,LA_E_1851850,LA_E_1851850.flac,SPOOF,A07,LA_0030,-5.200919151306152,0.005511496192958878,0.9944885051535692,SPOOF,20.411499999681837,cuda:0
371,LA_E_9266831,LA_E_9266831.flac,SPOOF,A17,LA_0009,-11.426308631896973,1.0904787642609184e-05,0.9999891520726072,SPOOF,22.09020000009332,cuda:0
372,LA_E_9019707,LA_E_9019707.flac,SPOOF,A14,LA_0015,-7.705521583557129,0.00045033374994367294,0.9995497109322029,SPOOF,21.217400000750786,cuda:0
373,LA_E_8900105,LA_E_8900105.flac,BONAFIDE,-,LA_0060,-0.0006532918778248131,0.9993469214708518,0.0006530956481735335,BONAFIDE,24.553600000217557,cuda:0
374,LA_E_4628216,LA_E_4628216.flac,BONAFIDE,-,LA_0040,-7.740506649017334,0.0004348512023232827,0.9995651944452232,SPOOF,20.951000000422937,cuda:0
375,LA_E_6693368,LA_E_6693368.flac,BONAFIDE,-,LA_0037,-7.538302898406982,0.0005323002232352649,0.9994676564332926,SPOOF,22.15749999959371,cuda:0
376,LA_E_3261702,LA_E_3261702.flac,BONAFIDE,-,LA_0042,-7.137182235717773,0.0007949890351113904,0.9992050296584573,SPOOF,28.936499998962972,cuda:0
377,LA_E_6126872,LA_E_6126872.flac,BONAFIDE,-,LA_0053,-1.1498470306396484,0.3166852088079087,0.6833147772393885,SPOOF,21.71710000038729,cuda:0
378,LA_E_1458228,LA_E_1458228.flac,SPOOF,A07,LA_0004,-5.188769340515137,0.005578868279153532,0.9944211891936113,SPOOF,21.532699998715543,cuda:0
379,LA_E_4086132,LA_E_4086132.flac,SPOOF,A08,LA_0019,-4.385587215423584,0.012455571882515967,0.9875443981869657,SPOOF,26.780700000017532,cuda:0
380,LA_E_7366604,LA_E_7366604.flac,SPOOF,A12,LA_0026,-6.00688362121582,0.0024617479779699505,0.9975382047904755,SPOOF,21.233900000879657,cuda:0
381,LA_E_6314733,LA_E_6314733.flac,BONAFIDE,-,LA_0039,-0.007533710915595293,0.9924945963536174,0.007505416081140377,BONAFIDE,24.87449999898672,cuda:0
382,LA_E_9893355,LA_E_9893355.flac,BONAFIDE,-,LA_0038,-0.00012730741582345217,0.9998727006874217,0.0001272904641974436,BONAFIDE,23.763200000757934,cuda:0
383,LA_E_7037148,LA_E_7037148.flac,BONAFIDE,-,LA_0059,-3.747406482696533,0.02357881869933015,0.9764211606998688,SPOOF,37.57860000041546,cuda:0
384,LA_E_5295339,LA_E_5295339.flac,BONAFIDE,-,LA_0027,-6.451554298400879,0.001578067473815172,0.9984218983996012,SPOOF,39.634500000829576,cuda:0
385,LA_E_7131679,LA_E_7131679.flac,BONAFIDE,-,LA_0029,-3.6062793731689453,0.027152684166288056,0.9728473708045092,SPOOF,25.132799999482813,cuda:0
386,LA_E_2462161,LA_E_2462161.flac,BONAFIDE,-,LA_0023,-3.5664215087890625,0.028256789646753804,0.9717431809881938,SPOOF,46.48610000003828,cuda:0
387,LA_E_3817123,LA_E_3817123.flac,SPOOF,A07,LA_0041,-6.217047691345215,0.001995126760930696,0.9980048487711793,SPOOF,27.660499999910826,cuda:0
388,LA_E_1425990,LA_E_1425990.flac,SPOOF,A17,LA_0005,-10.701570510864258,2.2509558632329903e-05,0.9999774699527387,SPOOF,21.409400000266032,cuda:0
389,LA_E_6067099,LA_E_6067099.flac,SPOOF,A08,LA_0019,-2.3404242992401123,0.09628677515648867,0.9037132519165594,SPOOF,20.69859999937762,cuda:0
390,LA_E_9500557,LA_E_9500557.flac,SPOOF,A08,LA_0006,-0.17896200716495514,0.8361376660339999,0.16386232344520535,BONAFIDE,21.829000001162058,cuda:0
391,LA_E_3233085,LA_E_3233085.flac,BONAFIDE,-,LA_0059,-0.26443129777908325,0.7676423857927539,0.23235761200617874,BONAFIDE,21.09569999993255,cuda:0
392,LA_E_6180594,LA_E_6180594.flac,SPOOF,A08,LA_0019,-3.8229432106018066,0.021863357639750173,0.9781365933234419,SPOOF,20.334200000434066,cuda:0
393,LA_E_3267360,LA_E_3267360.flac,BONAFIDE,-,LA_0017,-0.0032778840977698565,0.9967274822992322,0.0032725770836212246,BONAFIDE,21.333599999707076,cuda:0
394,LA_E_9007051,LA_E_9007051.flac,SPOOF,A09,LA_0044,-10.628314018249512,2.4220431158342988e-05,0.9999758010998766,SPOOF,20.470600000408012,cuda:0
395,LA_E_1255270,LA_E_1255270.flac,BONAFIDE,-,LA_0041,-2.7635207176208496,0.06306932772063187,0.936930641328421,SPOOF,20.286299999497714,cuda:0
396,LA_E_8881352,LA_E_8881352.flac,BONAFIDE,-,LA_0008,-4.606842041015625,0.009983295417435749,0.9900167566946773,SPOOF,21.116100000654114,cuda:0
397,LA_E_3628816,LA_E_3628816.flac,BONAFIDE,-,LA_0036,-1.3981579542160034,0.24705162546449158,0.7529483541735722,SPOOF,20.539600000120117,cuda:0
398,LA_E_4133730,LA_E_4133730.flac,BONAFIDE,-,LA_0017,-0.23154616355895996,0.793306072826148,0.20669391105016732,BONAFIDE,21.251000000120257,cuda:0
399,LA_E_5793024,LA_E_5793024.flac,BONAFIDE,-,LA_0011,-8.445327758789062,0.00021490214804943333,0.9997851118365989,SPOOF,25.983699999414966,cuda:0
400,LA_E_8911840,LA_E_8911840.flac,BONAFIDE,-,LA_0004,-0.006499817129224539,0.9935212609894345,0.006478711153016812,BONAFIDE,26.37979999963136,cuda:0
401,LA_E_4638560,LA_E_4638560.flac,SPOOF,A15,LA_0029,-0.012577851302921772,0.987500919268067,0.012499069731041739,BONAFIDE,23.4085000010964,cuda:0
402,LA_E_6322723,LA_E_6322723.flac,SPOOF,A07,LA_0037,-4.884942054748535,0.007559561790059483,0.9924404656762618,SPOOF,20.55330000075628,cuda:0
403,LA_E_6254578,LA_E_6254578.flac,BONAFIDE,-,LA_0033,-6.830150604248047,0.0010806953480364733,0.99891934478035,SPOOF,24.00130000023637,cuda:0
404,LA_E_3839327,LA_E_3839327.flac,BONAFIDE,-,LA_0052,-1.3556010723114014,0.2577922960626164,0.7422076961025652,SPOOF,21.659899999576737,cuda:0
405,LA_E_4282721,LA_E_4282721.flac,SPOOF,A11,LA_0037,-2.910604953765869,0.054442784537463026,0.9455571902905926,SPOOF,24.40030000070692,cuda:0
406,LA_E_9444582,LA_E_9444582.flac,SPOOF,A13,LA_0010,-7.685491561889648,0.00045944488824642275,0.9995405401812977,SPOOF,21.05409999967378,cuda:0
407,LA_E_3118482,LA_E_3118482.flac,SPOOF,A16,LA_0019,-2.2634620666503906,0.10398984106800378,0.8960101192214005,SPOOF,20.849100001214538,cuda:0
408,LA_E_6958427,LA_E_6958427.flac,SPOOF,A07,LA_0036,-3.910518169403076,0.020030119377179457,0.9799698995660209,SPOOF,20.148999999946682,cuda:0
409,LA_E_8508985,LA_E_8508985.flac,SPOOF,A15,LA_0008,-7.887950420379639,0.00037523786726456127,0.9996247508020727,SPOOF,20.69420000043465,cuda:0
410,LA_E_5806762,LA_E_5806762.flac,SPOOF,A16,LA_0027,-2.871539354324341,0.05661171398479507,0.9433883187213871,SPOOF,27.07850000115286,cuda:0
411,LA_E_4419869,LA_E_4419869.flac,SPOOF,A08,LA_0043,-3.1160199642181396,0.0443332657343772,0.9556666827072644,SPOOF,20.925199998600874,cuda:0
412,LA_E_9266414,LA_E_9266414.flac,BONAFIDE,-,LA_0066,-0.6042037010192871,0.5465094383257306,0.45349052535842005,BONAFIDE,21.853199999895878,cuda:0
413,LA_E_5438477,LA_E_5438477.flac,SPOOF,A19,LA_0030,-10.940641403198242,1.772310498592251e-05,0.9999822381318528,SPOOF,19.485599999825354,cuda:0
414,LA_E_1181481,LA_E_1181481.flac,BONAFIDE,-,LA_0004,-6.597082614898682,0.0013643425497653421,0.998635606451569,SPOOF,24.871400000847643,cuda:0
415,LA_E_5438767,LA_E_5438767.flac,SPOOF,A11,LA_0022,-3.087606191635132,0.045611007838127965,0.9543890180104853,SPOOF,24.273999999422813,cuda:0
416,LA_E_7575364,LA_E_7575364.flac,BONAFIDE,-,LA_0064,-0.6627161502838135,0.515449393396081,0.4845505599048149,BONAFIDE,25.527499999952852,cuda:0
417,LA_E_6974963,LA_E_6974963.flac,BONAFIDE,-,LA_0042,-7.973206043243408,0.0003445724987875187,0.9996554846747613,SPOOF,22.31749999918975,cuda:0
418,LA_E_1797904,LA_E_1797904.flac,SPOOF,A09,LA_0026,-5.92850399017334,0.0026624620803413187,0.997337534787793,SPOOF,19.99929999874439,cuda:0
419,LA_E_4601956,LA_E_4601956.flac,SPOOF,A07,LA_0024,-4.991261005401611,0.006797087921231958,0.9932029492697039,SPOOF,19.932299999709358,cuda:0
420,LA_E_1894511,LA_E_1894511.flac,BONAFIDE,-,LA_0024,-0.1647913008928299,0.8480706772133584,0.1519293286393338,BONAFIDE,22.749699999621953,cuda:0
421,LA_E_8200655,LA_E_8200655.flac,BONAFIDE,-,LA_0016,-0.02622903324663639,0.9741119600328855,0.025888000334786353,BONAFIDE,22.597299999688403,cuda:0
422,LA_E_9103340,LA_E_9103340.flac,BONAFIDE,-,LA_0058,-6.117642402648926,0.0022036451516024816,0.9977963953868433,SPOOF,20.02129999891622,cuda:0
423,LA_E_2391093,LA_E_2391093.flac,SPOOF,A18,LA_0023,-4.7255940437316895,0.008865445882808616,0.9911345495664586,SPOOF,21.233800000118208,cuda:0
424,LA_E_6007268,LA_E_6007268.flac,BONAFIDE,-,LA_0004,-3.6409804821014404,0.026226616626967385,0.9737734054578673,SPOOF,20.291500000894303,cuda:0
425,LA_E_8163420,LA_E_8163420.flac,BONAFIDE,-,LA_0045,-2.764108657836914,0.06303225762503262,0.9369676885150459,SPOOF,20.24100000016915,cuda:0
426,LA_E_1750371,LA_E_1750371.flac,BONAFIDE,-,LA_0035,-5.691504955291748,0.0033745106583381815,0.9966255241853192,SPOOF,21.380000000135624,cuda:0
427,LA_E_7147053,LA_E_7147053.flac,BONAFIDE,-,LA_0009,-0.9182535409927368,0.3992156463726113,0.6007843190417056,SPOOF,21.704400000089663,cuda:0
428,LA_E_7396859,LA_E_7396859.flac,SPOOF,A14,LA_0022,-2.9774553775787354,0.0509222470327847,0.949077770353493,SPOOF,22.01250000143773,cuda:0
429,LA_E_3793491,LA_E_3793491.flac,SPOOF,A16,LA_0022,-2.8212785720825195,0.05952978091418715,0.9404702383359943,SPOOF,23.661499999434454,cuda:0
430,LA_E_6554062,LA_E_6554062.flac,BONAFIDE,-,LA_0014,-0.018863219767808914,0.9813135773625731,0.01868637852654732,BONAFIDE,19.79870000104711,cuda:0
431,LA_E_1647896,LA_E_1647896.flac,SPOOF,A07,LA_0035,-1.7877756357192993,0.16733196325363814,0.8326680828412131,SPOOF,20.60429999983171,cuda:0
432,LA_E_1002903,LA_E_1002903.flac,BONAFIDE,-,LA_0028,-5.968939781188965,0.0025569509098661318,0.9974430780634675,SPOOF,20.644300000640214,cuda:0
433,LA_E_6812818,LA_E_6812818.flac,SPOOF,A11,LA_0012,-4.7885589599609375,0.008324444600790258,0.9916755178106142,SPOOF,25.84440000100585,cuda:0
434,LA_E_1078880,LA_E_1078880.flac,BONAFIDE,-,LA_0016,-7.445160865783691,0.0005842621050618742,0.9994157392303615,SPOOF,20.755600000484264,cuda:0
435,LA_E_9510585,LA_E_9510585.flac,SPOOF,A10,LA_0024,-1.9977504014968872,0.1356400759893217,0.8643599354952871,SPOOF,20.939500000167754,cuda:0
436,LA_E_4366255,LA_E_4366255.flac,BONAFIDE,-,LA_0060,-1.1174449920654297,0.3271145079827313,0.6728855229152936,SPOOF,25.464500000452972,cuda:0
437,LA_E_7936776,LA_E_7936776.flac,BONAFIDE,-,LA_0042,-0.07841228693723679,0.9245831543952305,0.07541685964313151,BONAFIDE,25.83779999986291,cuda:0
438,LA_E_9289036,LA_E_9289036.flac,SPOOF,A10,LA_0042,-0.1707136332988739,0.8430629640667175,0.1569370745991073,BONAFIDE,20.9911000001739,cuda:0
439,LA_E_4135438,LA_E_4135438.flac,BONAFIDE,-,LA_0003,-5.16959285736084,0.005686883720786728,0.9943131026298367,SPOOF,23.49529999992228,cuda:0
440,LA_E_8135378,LA_E_8135378.flac,SPOOF,A11,LA_0034,-7.580668926239014,0.0005102198094187117,0.999489806225809,SPOOF,22.202000000106636,cuda:0
441,LA_E_8142595,LA_E_8142595.flac,SPOOF,A13,LA_0010,-8.4644136428833,0.00021083944403546505,0.9997891632313072,SPOOF,20.675399999163346,cuda:0
442,LA_E_6672442,LA_E_6672442.flac,BONAFIDE,-,LA_0027,-0.02220587618649006,0.9780388594120821,0.02196117711420869,BONAFIDE,23.419900000590133,cuda:0
443,LA_E_7404410,LA_E_7404410.flac,BONAFIDE,-,LA_0006,-0.0018186711240559816,0.9981829816561664,0.00181698468970841,BONAFIDE,19.888599999831058,cuda:0
444,LA_E_8710031,LA_E_8710031.flac,BONAFIDE,-,LA_0035,-5.574833869934082,0.003792105512560739,0.9962078442485206,SPOOF,21.007400000598864,cuda:0
445,LA_E_5332286,LA_E_5332286.flac,SPOOF,A07,LA_0017,-2.226078748703003,0.10795090390349674,0.8920491383803537,SPOOF,21.68060000076366,cuda:0
446,LA_E_1361749,LA_E_1361749.flac,SPOOF,A11,LA_0042,-9.302349090576172,9.120971972998098e-05,0.9999088132058339,SPOOF,23.245299998961855,cuda:0
447,LA_E_8629975,LA_E_8629975.flac,SPOOF,A14,LA_0022,-6.929506778717041,0.0009784833582157822,0.9990215347685236,SPOOF,20.146099999692524,cuda:0
448,LA_E_2119559,LA_E_2119559.flac,SPOOF,A13,LA_0001,-8.662726402282715,0.0001729122353542712,0.9998270572365549,SPOOF,23.989600000277278,cuda:0
449,LA_E_4729612,LA_E_4729612.flac,SPOOF,A08,LA_0039,-4.675907135009766,0.009317069463190488,0.9906829639829728,SPOOF,20.375100000819657,cuda:0
450,LA_E_8071098,LA_E_8071098.flac,SPOOF,A14,LA_0022,-7.791243076324463,0.00041333875287518284,0.9995866339118112,SPOOF,20.864299998720526,cuda:0
451,LA_E_9378528,LA_E_9378528.flac,BONAFIDE,-,LA_0049,-0.023877447471022606,0.9764053633724215,0.02359459826646084,BONAFIDE,19.99690000047849,cuda:0
452,LA_E_8302699,LA_E_8302699.flac,SPOOF,A19,LA_0019,-4.679239749908447,0.009286070940444736,0.9907139699671264,SPOOF,20.635299999412382,cuda:0
453,LA_E_4482252,LA_E_4482252.flac,SPOOF,A07,LA_0027,-0.8053539991378784,0.4469296858289922,0.5530703137637047,SPOOF,27.975799999694573,cuda:0
454,LA_E_7566841,LA_E_7566841.flac,BONAFIDE,-,LA_0068,-5.304672595229931e-05,0.9999469546810004,5.3079920139762863e-05,BONAFIDE,21.712900001148228,cuda:0
455,LA_E_1843663,LA_E_1843663.flac,SPOOF,A15,LA_0003,-11.064094543457031,1.5664797767770272e-05,0.9999843838268748,SPOOF,20.358600000690785,cuda:0
456,LA_E_5885996,LA_E_5885996.flac,BONAFIDE,-,LA_0035,-0.0059351869858801365,0.994082391442119,0.005917606567565558,BONAFIDE,21.072400000775815,cuda:0
457,LA_E_9771579,LA_E_9771579.flac,SPOOF,A19,LA_0034,-5.360398769378662,0.004699031903887965,0.9953010199578286,SPOOF,21.009699999922304,cuda:0
458,LA_E_4270370,LA_E_4270370.flac,SPOOF,A07,LA_0034,-7.4910383224487305,0.000558063209988831,0.9994419352857232,SPOOF,21.010299999034032,cuda:0
459,LA_E_3927922,LA_E_3927922.flac,BONAFIDE,-,LA_0041,-7.446813106536865,0.0005832975604507391,0.9994166917662008,SPOOF,21.234800000456744,cuda:0
460,LA_E_7739965,LA_E_7739965.flac,SPOOF,A10,LA_0022,-7.333231449127197,0.0006534585535818923,0.9993465643092847,SPOOF,22.423200000048382,cuda:0
461,LA_E_2267026,LA_E_2267026.flac,SPOOF,A09,LA_0021,-9.762847900390625,5.755049046654132e-05,0.999942425229556,SPOOF,19.896399999197456,cuda:0
462,LA_E_5849439,LA_E_5849439.flac,BONAFIDE,-,LA_0025,-1.7150394916534424,0.1799566137885546,0.8200433424712802,SPOOF,21.527500000956934,cuda:0
463,LA_E_7255033,LA_E_7255033.flac,BONAFIDE,-,LA_0022,-8.618460560683161e-05,0.9999138191081796,8.613519701868865e-05,BONAFIDE,22.919099999853643,cuda:0
464,LA_E_9958575,LA_E_9958575.flac,SPOOF,A16,LA_0013,-8.978290557861328,0.0001261182551956073,0.9998738924837743,SPOOF,23.23410000099102,cuda:0
465,LA_E_6340455,LA_E_6340455.flac,SPOOF,A14,LA_0012,-4.210258483886719,0.014842531287024445,0.9851574725409998,SPOOF,20.927200001096935,cuda:0
466,LA_E_9468275,LA_E_9468275.flac,SPOOF,A15,LA_0035,-4.102969646453857,0.01652353341829638,0.9834764942537988,SPOOF,21.362199999202858,cuda:0
467,LA_E_7923065,LA_E_7923065.flac,SPOOF,A16,LA_0006,-0.4739742875099182,0.6225232589850258,0.3774767643779795,BONAFIDE,20.358899999337154,cuda:0
468,LA_E_4498530,LA_E_4498530.flac,BONAFIDE,-,LA_0033,-0.3040519952774048,0.7378225021675433,0.2621774295756238,BONAFIDE,19.811199999821838,cuda:0
469,LA_E_9097702,LA_E_9097702.flac,BONAFIDE,-,LA_0035,-0.002526308177039027,0.9974768802539121,0.0025230652913467233,BONAFIDE,20.535400000881054,cuda:0
470,LA_E_2050154,LA_E_2050154.flac,BONAFIDE,-,LA_0001,-8.723636627197266,0.00016269445471588784,0.9998373057981433,SPOOF,21.727800000007846,cuda:0
471,LA_E_2044500,LA_E_2044500.flac,BONAFIDE,-,LA_0068,-0.0003871168300975114,0.9996129580899547,0.00038706908459283163,BONAFIDE,20.384999999805586,cuda:0
472,LA_E_7127059,LA_E_7127059.flac,SPOOF,A19,LA_0038,-0.17382481694221497,0.8404441163331429,0.15955592911592134,BONAFIDE,20.942099999956554,cuda:0
473,LA_E_6217839,LA_E_6217839.flac,BONAFIDE,-,LA_0063,-0.06673946976661682,0.935438879702252,0.06456109468332481,BONAFIDE,21.152900000743102,cuda:0
474,LA_E_1369397,LA_E_1369397.flac,SPOOF,A09,LA_0029,-11.205123901367188,1.3604310031239587e-05,0.9999864103261001,SPOOF,19.45220000015979,cuda:0
475,LA_E_6705760,LA_E_6705760.flac,SPOOF,A18,LA_0035,-10.625767707824707,2.4282182480347492e-05,0.9999756818971167,SPOOF,21.018400000684778,cuda:0
476,LA_E_4506817,LA_E_4506817.flac,SPOOF,A07,LA_0020,-2.8518636226654053,0.05773662127427034,0.9422633678106996,SPOOF,31.11929999977292,cuda:0
477,LA_E_7524164,LA_E_7524164.flac,SPOOF,A10,LA_0031,-6.249804973602295,0.0019308306624589164,0.9980692068482164,SPOOF,21.31809999991674,cuda:0
478,LA_E_2204765,LA_E_2204765.flac,SPOOF,A08,LA_0027,-3.685148239135742,0.02509345461566309,0.9749065756778581,SPOOF,21.868300000278396,cuda:0
479,LA_E_1717912,LA_E_1717912.flac,SPOOF,A08,LA_0028,-7.070554256439209,0.0008497619925629015,0.9991502835533651,SPOOF,21.461800000906806,cuda:0
480,LA_E_5661662,LA_E_5661662.flac,SPOOF,A12,LA_0035,-1.119362473487854,0.32648787296317083,0.6735121470731773,SPOOF,26.451100000485894,cuda:0
481,LA_E_5878785,LA_E_5878785.flac,SPOOF,A09,LA_0013,-9.002331733703613,0.00012312238051497538,0.9998768719663205,SPOOF,22.012900000845548,cuda:0
482,LA_E_3263490,LA_E_3263490.flac,BONAFIDE,-,LA_0016,-0.0004170263418927789,0.9995830606015058,0.000416902134231224,BONAFIDE,23.883100000603008,cuda:0
483,LA_E_9190045,LA_E_9190045.flac,BONAFIDE,-,LA_0022,-0.2103917896747589,0.8102667296359659,0.18973326190893358,BONAFIDE,23.21499999925436,cuda:0
484,LA_E_3334821,LA_E_3334821.flac,BONAFIDE,-,LA_0038,-9.433935165405273,7.996390877436242e-05,0.9999200169669461,SPOOF,20.712399998956244,cuda:0
485,LA_E_5399550,LA_E_5399550.flac,BONAFIDE,-,LA_0046,-2.581956624984741,0.0756258876647178,0.924374092779588,SPOOF,21.92550000108895,cuda:0
486,LA_E_9280396,LA_E_9280396.flac,SPOOF,A12,LA_0019,-2.9575860500335693,0.05194415654607019,0.948055884768707,SPOOF,23.897799999758718,cuda:0
487,LA_E_8217952,LA_E_8217952.flac,BONAFIDE,-,LA_0068,-0.4482191205024719,0.6387647022535183,0.36123532260036983,BONAFIDE,21.057500000097207,cuda:0
488,LA_E_3629647,LA_E_3629647.flac,BONAFIDE,-,LA_0009,-5.753925323486328,0.003170311840650242,0.9968296982543748,SPOOF,21.969800000078976,cuda:0
489,LA_E_5895937,LA_E_5895937.flac,BONAFIDE,-,LA_0067,-0.2293197065591812,0.7950743023980701,0.20492572467911743,BONAFIDE,20.609999999578577,cuda:0
490,LA_E_1601873,LA_E_1601873.flac,BONAFIDE,-,LA_0050,-0.00024029705673456192,0.9997597318122907,0.0002402244913281279,BONAFIDE,21.009000000049127,cuda:0
491,LA_E_7394037,LA_E_7394037.flac,SPOOF,A16,LA_0019,-5.876285076141357,0.002805186998377415,0.9971947904326849,SPOOF,24.349199999051052,cuda:0
492,LA_E_1698471,LA_E_1698471.flac,BONAFIDE,-,LA_0021,-3.122328758239746,0.04405445669170121,0.9559455888368771,SPOOF,21.15790000061679,cuda:0
493,LA_E_1425284,LA_E_1425284.flac,SPOOF,A14,LA_0022,-8.48473834991455,0.0002065974487875927,0.9997934529680921,SPOOF,19.835999999486376,cuda:0
494,LA_E_6945617,LA_E_6945617.flac,BONAFIDE,-,LA_0047,-7.916247367858887,0.0003647686037101498,0.9996352334686389,SPOOF,21.107700000357,cuda:0
495,LA_E_3040200,LA_E_3040200.flac,SPOOF,A13,LA_0032,-10.067427635192871,4.24396438885414e-05,0.999957563295601,SPOOF,28.693100000964478,cuda:0
496,LA_E_8511513,LA_E_8511513.flac,BONAFIDE,-,LA_0041,-1.9210598468780518,0.14645166351015146,0.8535483236864615,SPOOF,27.53350000057253,cuda:0
497,LA_E_8439668,LA_E_8439668.flac,BONAFIDE,-,LA_0049,-0.6143882870674133,0.5409717135094324,0.45902832082800926,BONAFIDE,21.815099999002996,cuda:0
498,LA_E_3820322,LA_E_3820322.flac,SPOOF,A07,LA_0005,-0.33310022950172424,0.7166983562364875,0.28330166762776876,BONAFIDE,24.740799999563023,cuda:0
499,LA_E_8019085,LA_E_8019085.flac,SPOOF,A18,LA_0026,-0.548086404800415,0.5780549157930113,0.42194513234822983,BONAFIDE,22.434900000007474,cuda:0
500,LA_E_6172735,LA_E_6172735.flac,BONAFIDE,-,LA_0008,-4.689154148101807,0.009194460019473024,0.9908055939148558,SPOOF,28.40439999999944,cuda:0
501,LA_E_1616286,LA_E_1616286.flac,SPOOF,A12,LA_0010,-7.935161113739014,0.0003579342979309273,0.999642023498811,SPOOF,21.41010000013921,cuda:0
502,LA_E_4335770,LA_E_4335770.flac,SPOOF,A13,LA_0041,-7.406207084655762,0.0006074704143124344,0.9993925211155463,SPOOF,19.73330000146234,cuda:0
503,LA_E_8452305,LA_E_8452305.flac,SPOOF,A18,LA_0003,-8.702865600585938,0.00016610912591077435,0.9998338498645966,SPOOF,20.9500000000844,cuda:0
504,LA_E_7474146,LA_E_7474146.flac,SPOOF,A19,LA_0043,-2.3106648921966553,0.09919527546397956,0.9008047274352411,SPOOF,23.991000000023632,cuda:0
505,LA_E_6864860,LA_E_6864860.flac,SPOOF,A19,LA_0011,-0.32579755783081055,0.7219513260314001,0.27804871039441126,BONAFIDE,20.514200001343852,cuda:0
506,LA_E_1682343,LA_E_1682343.flac,BONAFIDE,-,LA_0003,-9.3991117477417,8.279757803865946e-05,0.999917156409734,SPOOF,22.032599999874947,cuda:0
507,LA_E_2016932,LA_E_2016932.flac,BONAFIDE,-,LA_0019,-1.3477128744125366,0.25983385423210065,0.7401661572675412,SPOOF,22.1187999995891,cuda:0
508,LA_E_1046103,LA_E_1046103.flac,BONAFIDE,-,LA_0014,-2.887340784072876,0.055724198437155134,0.9442757833320811,SPOOF,22.581400000490248,cuda:0
509,LA_E_4716734,LA_E_4716734.flac,BONAFIDE,-,LA_0018,-9.718661308288574,6.0150469608222146e-05,0.9999398029324065,SPOOF,21.534899999096524,cuda:0
510,LA_E_2727497,LA_E_2727497.flac,SPOOF,A16,LA_0021,-9.501871109008789,7.4711904902747e-05,0.9999252613624905,SPOOF,23.66200000142271,cuda:0
511,LA_E_1771303,LA_E_1771303.flac,SPOOF,A12,LA_0005,-6.992583274841309,0.0009186702859058432,0.9990813834076913,SPOOF,21.169500001633423,cuda:0
512,LA_E_9878615,LA_E_9878615.flac,SPOOF,A16,LA_0019,-0.6872766613960266,0.5029438922151851,0.4970561535652254,BONAFIDE,19.992799998362898,cuda:0
513,LA_E_7280879,LA_E_7280879.flac,SPOOF,A19,LA_0039,-8.071785926818848,0.0003122251715352999,0.9996877691935837,SPOOF,21.307600000000093,cuda:0
514,LA_E_3437910,LA_E_3437910.flac,BONAFIDE,-,LA_0039,-3.7964417934417725,0.0224505134677265,0.9775494568569115,SPOOF,20.64280000013241,cuda:0
515,LA_E_6832541,LA_E_6832541.flac,SPOOF,A15,LA_0031,-1.3200068473815918,0.2671334727947637,0.732866537117391,SPOOF,19.950500000049942,cuda:0
516,LA_E_7437328,LA_E_7437328.flac,SPOOF,A07,LA_0008,-9.44460391998291,7.911532815470174e-05,0.9999208513000997,SPOOF,25.34410000043863,cuda:0
517,LA_E_8765344,LA_E_8765344.flac,SPOOF,A18,LA_0024,-3.794748067855835,0.022488570696957748,0.9775114095806047,SPOOF,31.7533999987063,cuda:0
518,LA_E_2564604,LA_E_2564604.flac,SPOOF,A07,LA_0047,-7.0293779373168945,0.0008854824348866036,0.9991144638034583,SPOOF,30.186899999534944,cuda:0
519,LA_E_1616694,LA_E_1616694.flac,BONAFIDE,-,LA_0033,-4.389758110046387,0.012403729195076542,0.9875962525770224,SPOOF,28.222200000527664,cuda:0
520,LA_E_5960915,LA_E_5960915.flac,SPOOF,A14,LA_0031,-9.957433700561523,4.7374156448267756e-05,0.9999526761523544,SPOOF,26.824200000191922,cuda:0
521,LA_E_8542590,LA_E_8542590.flac,BONAFIDE,-,LA_0035,-0.07637015730142593,0.9264732022601337,0.07352682027013921,BONAFIDE,24.966199998743832,cuda:0
522,LA_E_2139071,LA_E_2139071.flac,SPOOF,A16,LA_0009,-7.727250576019287,0.0004406539977708939,0.9995593583069067,SPOOF,23.16409999912139,cuda:0
523,LA_E_1099431,LA_E_1099431.flac,SPOOF,A16,LA_0022,-0.6030842065811157,0.5471215951915147,0.45287838181055085,BONAFIDE,21.605500000077882,cuda:0
524,LA_E_4361685,LA_E_4361685.flac,BONAFIDE,-,LA_0029,-0.5026390552520752,0.6049321020583386,0.3950678938588739,BONAFIDE,24.36870000019553,cuda:0
525,LA_E_8831392,LA_E_8831392.flac,SPOOF,A11,LA_0023,-9.793922424316406,5.578963690816968e-05,0.9999442131656885,SPOOF,21.587100000033388,cuda:0
526,LA_E_9864405,LA_E_9864405.flac,BONAFIDE,-,LA_0018,-10.107338905334473,4.0779179819824785e-05,0.9999592320834669,SPOOF,21.994999999151332,cuda:0
527,LA_E_8170881,LA_E_8170881.flac,BONAFIDE,-,LA_0042,-9.903879165649414,4.9980423177856024e-05,0.9999500538028578,SPOOF,20.40359999955399,cuda:0
528,LA_E_1613408,LA_E_1613408.flac,BONAFIDE,-,LA_0050,-7.367912292480469,0.0006311845332344913,0.9993688278182149,SPOOF,21.665899999788962,cuda:0
529,LA_E_8247451,LA_E_8247451.flac,SPOOF,A15,LA_0044,-7.369176864624023,0.0006303868593207254,0.9993696612333599,SPOOF,26.74259999912465,cuda:0
530,LA_E_1819595,LA_E_1819595.flac,BONAFIDE,-,LA_0063,-0.005607469938695431,0.994408222575393,0.005591779903650264,BONAFIDE,28.541699999550474,cuda:0
531,LA_E_1938212,LA_E_1938212.flac,SPOOF,A14,LA_0031,-9.521079063415527,7.329053652954316e-05,0.9999266916589424,SPOOF,30.7929000009608,cuda:0
532,LA_E_9375708,LA_E_9375708.flac,BONAFIDE,-,LA_0006,-0.13594961166381836,0.8728866146848043,0.1271133346914112,BONAFIDE,20.482500000071013,cuda:0
533,LA_E_2621295,LA_E_2621295.flac,BONAFIDE,-,LA_0063,-8.130751609802246,0.0002943468836411384,0.9997056397229033,SPOOF,20.19579999978305,cuda:0
534,LA_E_9712612,LA_E_9712612.flac,BONAFIDE,-,LA_0056,-3.426426887512207,0.03250286994607206,0.9674970852573399,SPOOF,23.411600001054467,cuda:0
535,LA_E_4621980,LA_E_4621980.flac,BONAFIDE,-,LA_0033,-1.0675199031829834,0.3438602675257467,0.6561397341517989,SPOOF,20.177700000203913,cuda:0
536,LA_E_5335529,LA_E_5335529.flac,SPOOF,A10,LA_0019,-5.207286834716797,0.005476512231687011,0.9945235222200699,SPOOF,21.19219999985944,cuda:0
537,LA_E_4934362,LA_E_4934362.flac,SPOOF,A17,LA_0035,-5.485297203063965,0.00414730230514792,0.9958526951861973,SPOOF,22.49350000056438,cuda:0
538,LA_E_1490752,LA_E_1490752.flac,SPOOF,A11,LA_0014,-1.3514047861099243,0.2588763392043437,0.7411236370387464,SPOOF,24.442600000838866,cuda:0
539,LA_E_4943539,LA_E_4943539.flac,SPOOF,A07,LA_0032,-8.525006294250488,0.00019844346802349325,0.9998015559142721,SPOOF,21.970100000544335,cuda:0
540,LA_E_8685370,LA_E_8685370.flac,SPOOF,A10,LA_0019,-7.71108865737915,0.0004478336742231608,0.9995522120977137,SPOOF,19.18149999983143,cuda:0
541,LA_E_9502866,LA_E_9502866.flac,SPOOF,A09,LA_0019,-8.167346954345703,0.0002837698730769101,0.9997162432278512,SPOOF,20.481600000493927,cuda:0
542,LA_E_2073647,LA_E_2073647.flac,SPOOF,A13,LA_0047,-6.921759128570557,0.0009860937482004816,0.9990139204276992,SPOOF,26.542800000243005,cuda:0
543,LA_E_5803016,LA_E_5803016.flac,SPOOF,A17,LA_0012,-0.04304924234747887,0.957864221422864,0.04213575239717594,BONAFIDE,22.685899999487447,cuda:0
544,LA_E_5593909,LA_E_5593909.flac,BONAFIDE,-,LA_0012,-2.6167185306549072,0.07304215559124713,0.9269578546423136,SPOOF,24.256900000182213,cuda:0
545,LA_E_1198432,LA_E_1198432.flac,SPOOF,A17,LA_0029,-11.395772933959961,1.1242909058401915e-05,0.99998879445232,SPOOF,21.773599999505677,cuda:0
546,LA_E_6754023,LA_E_6754023.flac,BONAFIDE,-,LA_0034,-5.805331707000732,0.0030114556664681442,0.9969885710350064,SPOOF,24.619400001029135,cuda:0
547,LA_E_9818733,LA_E_9818733.flac,BONAFIDE,-,LA_0060,-9.659768104553223,6.379931498692508e-05,0.9999362271009362,SPOOF,20.873900000879075,cuda:0
548,LA_E_4778030,LA_E_4778030.flac,BONAFIDE,-,LA_0033,-3.2958824634552,0.03703534828106211,0.9629647069444726,SPOOF,21.67080000072019,cuda:0
549,LA_E_7577508,LA_E_7577508.flac,SPOOF,A16,LA_0043,-2.500150442123413,0.08207265051126689,0.9179273959838149,SPOOF,19.582099999752245,cuda:0
550,LA_E_6191436,LA_E_6191436.flac,SPOOF,A08,LA_0040,-6.519710063934326,0.0014740964341220892,0.9985258883294189,SPOOF,20.873400000709808,cuda:0
551,LA_E_8393096,LA_E_8393096.flac,BONAFIDE,-,LA_0007,-4.3007988929748535,0.013557723514504988,0.9864422242449562,SPOOF,21.923899999819696,cuda:0
552,LA_E_6798209,LA_E_6798209.flac,SPOOF,A11,LA_0011,-5.372372627258301,0.004643101881009105,0.9953568802368132,SPOOF,19.961800000601215,cuda:0
553,LA_E_8644364,LA_E_8644364.flac,BONAFIDE,-,LA_0022,-0.14020973443984985,0.8691759201558366,0.13082412003550464,BONAFIDE,21.638800000800984,cuda:0
554,LA_E_8354886,LA_E_8354886.flac,SPOOF,A19,LA_0046,-10.399856567382812,3.0436848332146468e-05,0.9999696025551995,SPOOF,20.00399999997171,cuda:0
555,LA_E_1837732,LA_E_1837732.flac,SPOOF,A18,LA_0026,-1.0143275260925293,0.36264621797195085,0.6373538178264354,SPOOF,21.253200000501238,cuda:0
556,LA_E_7482442,LA_E_7482442.flac,BONAFIDE,-,LA_0066,-0.0002456601650919765,0.9997543700068956,0.00024561748942858225,BONAFIDE,25.33439999933762,cuda:0
557,LA_E_6042228,LA_E_6042228.flac,SPOOF,A17,LA_0028,-2.8729779720306396,0.056530329924983524,0.9434697015702511,SPOOF,21.000000000640284,cuda:0
558,LA_E_7275417,LA_E_7275417.flac,BONAFIDE,-,LA_0026,-0.04993274062871933,0.9512934057453947,0.04870661289362766,BONAFIDE,21.585399999821675,cuda:0
559,LA_E_7145966,LA_E_7145966.flac,SPOOF,A10,LA_0009,-2.6245901584625244,0.07246945194033606,0.9275305906473956,SPOOF,23.995700001250952,cuda:0
560,LA_E_5894722,LA_E_5894722.flac,SPOOF,A13,LA_0041,-9.812840461730957,5.4744127147638e-05,0.9999452859281749,SPOOF,27.947800001129508,cuda:0
561,LA_E_5115178,LA_E_5115178.flac,BONAFIDE,-,LA_0023,-0.006460968870669603,0.9935598583099757,0.006440102400343253,BONAFIDE,24.666000001161592,cuda:0
562,LA_E_9931820,LA_E_9931820.flac,SPOOF,A14,LA_0033,-8.21485424041748,0.0002706039512786625,0.9997293489777506,SPOOF,21.59589999973832,cuda:0
563,LA_E_9138261,LA_E_9138261.flac,SPOOF,A16,LA_0046,-7.971616744995117,0.00034512056265936526,0.9996548890374948,SPOOF,23.40830000139249,cuda:0
564,LA_E_2162116,LA_E_2162116.flac,SPOOF,A09,LA_0039,-10.624947547912598,2.4302105922083694e-05,0.9999756818971167,SPOOF,24.95689999886963,cuda:0
565,LA_E_1530335,LA_E_1530335.flac,SPOOF,A11,LA_0009,-9.034003257751465,0.00011928401142478585,0.9998806857355593,SPOOF,23.438800000803894,cuda:0
566,LA_E_6181214,LA_E_6181214.flac,BONAFIDE,-,LA_0032,-2.912339687347412,0.05434842268085752,0.9456516325622174,SPOOF,20.72310000039579,cuda:0
567,LA_E_2105901,LA_E_2105901.flac,BONAFIDE,-,LA_0054,-5.08429479598999,0.006193253057567391,0.993806692039192,SPOOF,22.427699999752804,cuda:0
568,LA_E_4148077,LA_E_4148077.flac,BONAFIDE,-,LA_0022,-0.0006572232232429087,0.9993429927006336,0.0006570015923902335,BONAFIDE,24.59140000064508,cuda:0
569,LA_E_9105320,LA_E_9105320.flac,SPOOF,A18,LA_0042,-5.757707595825195,0.003158343505888355,0.9968416622303735,SPOOF,22.48700000018289,cuda:0
570,LA_E_1224525,LA_E_1224525.flac,BONAFIDE,-,LA_0045,-5.946176052093506,0.0026158241931640296,0.9973841370889351,SPOOF,23.789699998815195,cuda:0
571,LA_E_5109285,LA_E_5109285.flac,BONAFIDE,-,LA_0033,-0.044246796518564224,0.9567178137088441,0.043282153561978946,BONAFIDE,23.440599999958067,cuda:0
572,LA_E_4943653,LA_E_4943653.flac,BONAFIDE,-,LA_0045,-6.845747470855713,0.0010639706523129652,0.9989359982757398,SPOOF,20.587900000464288,cuda:0
573,LA_E_8864124,LA_E_8864124.flac,SPOOF,A11,LA_0016,-2.003154993057251,0.13490897421222878,0.8650910538412129,SPOOF,22.690599998895777,cuda:0
574,LA_E_6210128,LA_E_6210128.flac,SPOOF,A16,LA_0026,-0.4029581844806671,0.6683400457253625,0.33165990902515796,BONAFIDE,21.544500001255074,cuda:0
575,LA_E_4039162,LA_E_4039162.flac,SPOOF,A15,LA_0038,-10.086562156677246,4.163530150507627e-05,0.9999583976891858,SPOOF,20.48780000041006,cuda:0
576,LA_E_4218665,LA_E_4218665.flac,SPOOF,A18,LA_0002,-0.30858346819877625,0.7344866433633899,0.265513365838143,BONAFIDE,26.143899998714915,cuda:0
577,LA_E_3436816,LA_E_3436816.flac,SPOOF,A19,LA_0006,-11.385677337646484,1.1356987807225386e-05,0.9999886752461923,SPOOF,22.84460000009858,cuda:0
578,LA_E_3270005,LA_E_3270005.flac,BONAFIDE,-,LA_0004,-0.08313315361738205,0.9202286072941089,0.07977140258650775,BONAFIDE,21.539400000619935,cuda:0
579,LA_E_6932082,LA_E_6932082.flac,SPOOF,A16,LA_0013,-0.018109221011400223,0.9820537655949875,0.017946263551236144,BONAFIDE,19.97040000060224,cuda:0
580,LA_E_6903888,LA_E_6903888.flac,SPOOF,A15,LA_0039,-6.837538719177246,0.0010727404685678327,0.9989273145979014,SPOOF,27.154900000823545,cuda:0
581,LA_E_2714631,LA_E_2714631.flac,SPOOF,A14,LA_0016,-8.787984848022461,0.00015255507981333229,0.9998474353900711,SPOOF,28.57670000048529,cuda:0
582,LA_E_5883566,LA_E_5883566.flac,BONAFIDE,-,LA_0010,-2.7391774654388428,0.0646234800840613,0.9353765041951966,SPOOF,26.295899999240646,cuda:0
583,LA_E_4400256,LA_E_4400256.flac,SPOOF,A15,LA_0014,-6.393858909606934,0.0016717924419635663,0.9983282664917456,SPOOF,23.813100000552367,cuda:0
584,LA_E_5783993,LA_E_5783993.flac,BONAFIDE,-,LA_0031,-8.256893157958984,0.0002594638534928401,0.9997405487130877,SPOOF,24.3402000014612,cuda:0
585,LA_E_5936551,LA_E_5936551.flac,SPOOF,A10,LA_0033,-1.940645694732666,0.14361119084446822,0.8563888497265815,SPOOF,27.391899999201996,cuda:0
586,LA_E_2897344,LA_E_2897344.flac,SPOOF,A17,LA_0023,-7.47842264175415,0.0005651481539820127,0.9994349098433074,SPOOF,29.092300001138938,cuda:0
587,LA_E_6809764,LA_E_6809764.flac,SPOOF,A09,LA_0016,-6.37194299697876,0.001708835735174568,0.998291198818044,SPOOF,21.336800000426592,cuda:0
588,LA_E_4931165,LA_E_4931165.flac,BONAFIDE,-,LA_0008,-0.04167795181274414,0.959178632577077,0.04082142075032788,BONAFIDE,22.550100000444218,cuda:0
589,LA_E_9065069,LA_E_9065069.flac,SPOOF,A16,LA_0031,-4.905820846557617,0.007403363562584242,0.9925966506947338,SPOOF,31.650599999920814,cuda:0
590,LA_E_1532513,LA_E_1532513.flac,BONAFIDE,-,LA_0009,-0.2578420341014862,0.7727172854468343,0.22728268972560153,BONAFIDE,21.464100000230246,cuda:0
591,LA_E_6164357,LA_E_6164357.flac,SPOOF,A15,LA_0047,-10.701739311218262,2.2505759331534976e-05,0.9999774699527387,SPOOF,22.291799999948125,cuda:0
592,LA_E_4737940,LA_E_4737940.flac,SPOOF,A13,LA_0039,-5.963617324829102,0.0025705964511841175,0.9974294392089674,SPOOF,21.606600001177867,cuda:0
593,LA_E_1776307,LA_E_1776307.flac,SPOOF,A12,LA_0036,-6.251384258270264,0.0019277837378112294,0.9980721755211308,SPOOF,21.19710000079067,cuda:0
594,LA_E_9992534,LA_E_9992534.flac,SPOOF,A07,LA_0045,-2.4628095626831055,0.08519525299815933,0.9148047853400051,SPOOF,20.94519999991462,cuda:0
595,LA_E_4589164,LA_E_4589164.flac,SPOOF,A09,LA_0004,-8.358474731445312,0.00023440158661586455,0.9997655702989592,SPOOF,26.66030000000319,cuda:0
596,LA_E_1234718,LA_E_1234718.flac,BONAFIDE,-,LA_0014,-3.763551712036133,0.02320118991846494,0.9767988649355639,SPOOF,21.57210000041232,cuda:0
597,LA_E_8583968,LA_E_8583968.flac,SPOOF,A17,LA_0009,-4.616330623626709,0.009889016090084333,0.9901109395692781,SPOOF,19.662400000015623,cuda:0
598,LA_E_9259290,LA_E_9259290.flac,BONAFIDE,-,LA_0039,-9.366464614868164,8.554528998260047e-05,0.9999144150525098,SPOOF,26.593699998556986,cuda:0
599,LA_E_1239732,LA_E_1239732.flac,SPOOF,A18,LA_0022,-9.319608688354492,8.964898423168664e-05,0.999910362648254,SPOOF,20.01399999971909,cuda:0
600,LA_E_9932498,LA_E_9932498.flac,BONAFIDE,-,LA_0059,-0.002021295018494129,0.9979807464225986,0.0020192483022049086,BONAFIDE,21.808099998452235,cuda:0
601,LA_E_4107607,LA_E_4107607.flac,BONAFIDE,-,LA_0010,-1.9207162857055664,0.1465019872595276,0.8534980347909479,SPOOF,24.40070000011474,cuda:0
602,LA_E_4644881,LA_E_4644881.flac,BONAFIDE,-,LA_0020,-0.11837255209684372,0.8883650287024141,0.11163495119942435,BONAFIDE,21.754600000349456,cuda:0
603,LA_E_4602301,LA_E_4602301.flac,BONAFIDE,-,LA_0047,-10.263165473937988,3.48950534437284e-05,0.9999650728993075,SPOOF,20.818499999222695,cuda:0
604,LA_E_1185576,LA_E_1185576.flac,SPOOF,A12,LA_0033,-7.392387390136719,0.0006159237465651472,0.99938406755252,SPOOF,21.45860000018729,cuda:0
605,LA_E_3621170,LA_E_3621170.flac,BONAFIDE,-,LA_0014,-1.1642125844955444,0.3121683714979481,0.6878316113614156,SPOOF,22.326300000713672,cuda:0
606,LA_E_6225683,LA_E_6225683.flac,SPOOF,A09,LA_0003,-10.291565895080566,3.391795983983981e-05,0.9999660265080288,SPOOF,22.095399999670917,cuda:0
607,LA_E_4496879,LA_E_4496879.flac,SPOOF,A08,LA_0034,-3.450949192047119,0.03171551796882571,0.9682845175881559,SPOOF,24.321900000359165,cuda:0
608,LA_E_9139644,LA_E_9139644.flac,SPOOF,A12,LA_0039,-7.937983989715576,0.000356925318581908,0.9996430955916169,SPOOF,21.017000000938424,cuda:0
609,LA_E_5425509,LA_E_5425509.flac,BONAFIDE,-,LA_0024,-1.9413198232650757,0.14351441106781615,0.8564855594716542,SPOOF,29.322700000193436,cuda:0
610,LA_E_9724970,LA_E_9724970.flac,SPOOF,A08,LA_0031,-8.305079460144043,0.0002472576963490123,0.9997527018955263,SPOOF,35.270200000013574,cuda:0
611,LA_E_9129430,LA_E_9129430.flac,SPOOF,A12,LA_0021,-9.587959289550781,6.854916797292378e-05,0.9999314593576598,SPOOF,40.991700001541176,cuda:0
612,LA_E_9518312,LA_E_9518312.flac,BONAFIDE,-,LA_0037,-8.830787658691406,0.00014616306752179676,0.9998538707700327,SPOOF,28.464000000894885,cuda:0
613,LA_E_7010038,LA_E_7010038.flac,BONAFIDE,-,LA_0020,-9.891753196716309,5.0590173672941176e-05,0.9999494578154603,SPOOF,23.150999999415944,cuda:0
614,LA_E_4541316,LA_E_4541316.flac,BONAFIDE,-,LA_0024,-2.447450637817383,0.086513860765535,0.9134861312398218,SPOOF,20.970100000340608,cuda:0
615,LA_E_4110528,LA_E_4110528.flac,BONAFIDE,-,LA_0034,-5.030684947967529,0.006534333359042212,0.9934657243959846,SPOOF,20.697800000561983,cuda:0
616,LA_E_4487771,LA_E_4487771.flac,BONAFIDE,-,LA_0006,-0.05580933392047882,0.9457194353184166,0.05428051510006243,BONAFIDE,21.006400000260328,cuda:0
617,LA_E_4876129,LA_E_4876129.flac,SPOOF,A12,LA_0008,-9.004429817199707,0.0001228643302805466,0.9998771103264718,SPOOF,21.070599999802653,cuda:0
618,LA_E_9748113,LA_E_9748113.flac,BONAFIDE,-,LA_0016,-1.8768211603164673,0.1530759370211182,0.8469240297977835,SPOOF,20.830999999816413,cuda:0
619,LA_E_9848915,LA_E_9848915.flac,BONAFIDE,-,LA_0066,-0.00014685506175737828,0.9998531557209194,0.00014686701397425552,BONAFIDE,20.292700000936748,cuda:0
620,LA_E_1983133,LA_E_1983133.flac,BONAFIDE,-,LA_0051,-0.015225264243781567,0.9848900540993212,0.015109956083578919,BONAFIDE,21.27920000020822,cuda:0
621,LA_E_3307028,LA_E_3307028.flac,SPOOF,A18,LA_0004,-6.700289726257324,0.00123055532683201,0.9987694880233989,SPOOF,31.464199999390985,cuda:0
622,LA_E_6130752,LA_E_6130752.flac,SPOOF,A18,LA_0027,-6.494147300720215,0.0015122641702375915,0.9984877363606407,SPOOF,20.578600000590086,cuda:0
623,LA_E_2197902,LA_E_2197902.flac,SPOOF,A14,LA_0018,-8.000572204589844,0.0003352707295548985,0.9996647766678914,SPOOF,32.44450000056531,cuda:0
624,LA_E_8863893,LA_E_8863893.flac,BONAFIDE,-,LA_0063,-7.712021350860596,0.00044741617740298815,0.99955256939096,SPOOF,28.681100000540027,cuda:0
625,LA_E_2968780,LA_E_2968780.flac,BONAFIDE,-,LA_0053,-0.000575376907363534,0.9994247885901866,0.0005752047835471494,BONAFIDE,23.976000000402564,cuda:0
626,LA_E_8545247,LA_E_8545247.flac,BONAFIDE,-,LA_0002,-0.011554229073226452,0.9885122646903949,0.011487782550936736,BONAFIDE,22.445099999458762,cuda:0
627,LA_E_2921863,LA_E_2921863.flac,SPOOF,A15,LA_0002,-4.26746940612793,0.014017210174902655,0.9859827343719872,SPOOF,24.552299999413663,cuda:0
628,LA_E_1728154,LA_E_1728154.flac,BONAFIDE,-,LA_0041,-2.1078171730041504,0.12150289698301862,0.8784970945948123,SPOOF,22.453300000051968,cuda:0
629,LA_E_9125338,LA_E_9125338.flac,SPOOF,A19,LA_0020,-0.5184293985366821,0.5954550364752168,0.4045449589858038,BONAFIDE,19.879699999364675,cuda:0
630,LA_E_5927944,LA_E_5927944.flac,BONAFIDE,-,LA_0045,-5.837307453155518,0.0029166853745918484,0.9970832555789956,SPOOF,21.055499999420135,cuda:0
631,LA_E_7184368,LA_E_7184368.flac,BONAFIDE,-,LA_0053,-9.608762741088867,6.713783982697262e-05,0.9999328896775282,SPOOF,19.985999999335036,cuda:0
632,LA_E_1027220,LA_E_1027220.flac,BONAFIDE,-,LA_0057,-0.40996062755584717,0.6636763801831284,0.33632359364435044,BONAFIDE,20.913000000291504,cuda:0
633,LA_E_5502567,LA_E_5502567.flac,SPOOF,A16,LA_0024,-8.108295440673828,0.0003010315622696758,0.999698967968496,SPOOF,21.800399999847286,cuda:0
634,LA_E_5626932,LA_E_5626932.flac,SPOOF,A10,LA_0031,-1.3973486423492432,0.24725164820615397,0.7527483540606473,SPOOF,20.765299999766285,cuda:0
635,LA_E_3852745,LA_E_3852745.flac,BONAFIDE,-,LA_0034,-1.6387208700180054,0.1942283267390826,0.8057716295190122,SPOOF,20.967899999959627,cuda:0
636,LA_E_1916365,LA_E_1916365.flac,SPOOF,A08,LA_0034,-4.147047519683838,0.01581102939220659,0.9841890025485662,SPOOF,20.856700000877026,cuda:0
637,LA_E_1253384,LA_E_1253384.flac,SPOOF,A15,LA_0041,-5.7674994468688965,0.003127568395276966,0.9968724622148073,SPOOF,20.298500001445063,cuda:0
638,LA_E_6796472,LA_E_6796472.flac,SPOOF,A13,LA_0029,-4.676997661590576,0.009306914489426428,0.9906931435820654,SPOOF,23.080299999492127,cuda:0
639,LA_E_6234775,LA_E_6234775.flac,BONAFIDE,-,LA_0051,-0.6041021347045898,0.5465649480942423,0.45343506289954766,BONAFIDE,21.049299999504,cuda:0
640,LA_E_8382550,LA_E_8382550.flac,SPOOF,A10,LA_0010,-3.9364161491394043,0.019518039292183306,0.9804820145742951,SPOOF,27.03050000127405,cuda:0
641,LA_E_3495159,LA_E_3495159.flac,SPOOF,A07,LA_0008,-9.306694984436035,9.081419205222029e-05,0.9999091707720544,SPOOF,23.479899999074405,cuda:0
642,LA_E_5460115,LA_E_5460115.flac,SPOOF,A15,LA_0029,-0.3094159662723541,0.7338754390962084,0.2661245337251089,BONAFIDE,27.643499999612686,cuda:0
643,LA_E_8192605,LA_E_8192605.flac,BONAFIDE,-,LA_0045,-0.001101244823075831,0.9988993613244783,0.001100655250650937,BONAFIDE,32.09940000124334,cuda:0
644,LA_E_2262848,LA_E_2262848.flac,SPOOF,A15,LA_0004,-1.1706738471984863,0.3101578718199516,0.6898420703806452,SPOOF,27.070200001617195,cuda:0
645,LA_E_3705845,LA_E_3705845.flac,SPOOF,A12,LA_0034,-0.9259470701217651,0.39615605379232455,0.6038439513304179,SPOOF,20.617899999706424,cuda:0
646,LA_E_5468659,LA_E_5468659.flac,SPOOF,A14,LA_0038,-9.459634780883789,7.793504918787017e-05,0.999922043204773,SPOOF,21.252000000458793,cuda:0
647,LA_E_4329654,LA_E_4329654.flac,SPOOF,A19,LA_0030,-11.659285545349121,8.63846592967161e-06,0.9999914170043662,SPOOF,21.203800000876072,cuda:0
648,LA_E_5186854,LA_E_5186854.flac,SPOOF,A08,LA_0027,-0.24783271551132202,0.7804904963115746,0.21950949147434945,BONAFIDE,19.986400000561844,cuda:0
649,LA_E_4923955,LA_E_4923955.flac,SPOOF,A09,LA_0002,-5.7233500480651855,0.0032687420964526955,0.9967312719883281,SPOOF,21.517299999686657,cuda:0
650,LA_E_7596710,LA_E_7596710.flac,SPOOF,A19,LA_0024,-9.13842487335205,0.00010745645380453271,0.9998924847781113,SPOOF,21.27669999936188,cuda:0
651,LA_E_6724415,LA_E_6724415.flac,SPOOF,A10,LA_0042,-4.24281644821167,0.014367070696472603,0.9856328693260943,SPOOF,20.86059999965073,cuda:0
652,LA_E_3914459,LA_E_3914459.flac,SPOOF,A18,LA_0042,-0.8343631029129028,0.43415090284303287,0.5658490978705586,SPOOF,22.821700000349665,cuda:0
653,LA_E_2507479,LA_E_2507479.flac,SPOOF,A16,LA_0024,-0.015715790912508965,0.9844070577330051,0.015592950535785601,BONAFIDE,21.4313000014954,cuda:0
654,LA_E_4214594,LA_E_4214594.flac,BONAFIDE,-,LA_0041,-0.1043321043252945,0.9009260462959133,0.09907397790408164,BONAFIDE,21.174800000153482,cuda:0
655,LA_E_8393608,LA_E_8393608.flac,SPOOF,A12,LA_0029,-1.9265835285186768,0.14564494123485353,0.8543550423163732,SPOOF,25.22750000025553,cuda:0
656,LA_E_8414539,LA_E_8414539.flac,SPOOF,A10,LA_0045,-5.509650230407715,0.004047522836078723,0.9959524851536183,SPOOF,20.700099999885424,cuda:0
657,LA_E_6691900,LA_E_6691900.flac,BONAFIDE,-,LA_0057,-8.192367553710938,0.00027675786885179106,0.9997232726263888,SPOOF,21.691699999792036,cuda:0
658,LA_E_9009960,LA_E_9009960.flac,BONAFIDE,-,LA_0017,-6.876162528991699,0.0010320970981524287,0.998967879505606,SPOOF,21.217400000750786,cuda:0
659,LA_E_7496796,LA_E_7496796.flac,SPOOF,A18,LA_0030,-11.12563419342041,1.4729854675558039e-05,0.999985218266486,SPOOF,22.553000000698376,cuda:0
660,LA_E_8272304,LA_E_8272304.flac,SPOOF,A13,LA_0021,-6.713775634765625,0.0012140715693266973,0.9987858986821007,SPOOF,23.458699999537203,cuda:0
661,LA_E_6751184,LA_E_6751184.flac,SPOOF,A07,LA_0033,-9.650752067565918,6.43771328701379e-05,0.9999356311290551,SPOOF,29.611500000100932,cuda:0
662,LA_E_9616916,LA_E_9616916.flac,SPOOF,A14,LA_0031,-8.830185890197754,0.00014625105032075008,0.99985375159272,SPOOF,20.63050000106159,cuda:0
663,LA_E_6226411,LA_E_6226411.flac,BONAFIDE,-,LA_0053,-5.872721195220947,0.0028152021866678996,0.9971848330857462,SPOOF,21.324699999240693,cuda:0
664,LA_E_1978797,LA_E_1978797.flac,BONAFIDE,-,LA_0026,-8.59688949584961,0.00018467934706055912,0.9998153788953527,SPOOF,22.6730000013049,cuda:0
665,LA_E_3623447,LA_E_3623447.flac,BONAFIDE,-,LA_0022,-0.22003719210624695,0.8024889511531158,0.19751100047559125,BONAFIDE,24.326899998413865,cuda:0
666,LA_E_6669531,LA_E_6669531.flac,SPOOF,A13,LA_0027,-4.880589008331299,0.007592540640582763,0.9924074735090466,SPOOF,19.993899999462883,cuda:0
667,LA_E_5166927,LA_E_5166927.flac,BONAFIDE,-,LA_0022,-0.0004077318590134382,0.9995923512523249,0.0004076584401544365,BONAFIDE,23.280999999769847,cuda:0
668,LA_E_2802232,LA_E_2802232.flac,SPOOF,A11,LA_0023,-10.469892501831055,2.8378109512278225e-05,0.9999716289935482,SPOOF,19.694000000527012,cuda:0
669,LA_E_3450790,LA_E_3450790.flac,BONAFIDE,-,LA_0020,-0.04294075816869736,0.9579681401729774,0.04203189501390323,BONAFIDE,20.533699998850352,cuda:0
670,LA_E_2124225,LA_E_2124225.flac,BONAFIDE,-,LA_0056,-0.21906286478042603,0.803271219097526,0.19672875924209018,BONAFIDE,23.815900000045076,cuda:0
671,LA_E_8844552,LA_E_8844552.flac,SPOOF,A07,LA_0017,-5.371063232421875,0.004649185516708476,0.9953508570833726,SPOOF,20.889200000965502,cuda:0
672,LA_E_5321810,LA_E_5321810.flac,BONAFIDE,-,LA_0022,-0.060090310871601105,0.9416794858488031,0.058320498516250714,BONAFIDE,24.437199999738368,cuda:0
673,LA_E_7357545,LA_E_7357545.flac,SPOOF,A10,LA_0039,-9.896615028381348,5.034480970710134e-05,0.9999496962111042,SPOOF,21.022399998400942,cuda:0
674,LA_E_3799235,LA_E_3799235.flac,SPOOF,A14,LA_0043,-5.178638935089111,0.005635671711753264,0.9943643729313237,SPOOF,24.27960000022722,cuda:0
675,LA_E_1412718,LA_E_1412718.flac,SPOOF,A07,LA_0007,-5.988367080688477,0.00250775567131364,0.9974922996948105,SPOOF,20.791699998881086,cuda:0
676,LA_E_6942222,LA_E_6942222.flac,BONAFIDE,-,LA_0014,-0.017198001965880394,0.9829490395233024,0.017050924632125302,BONAFIDE,20.275700000638608,cuda:0
677,LA_E_6426282,LA_E_6426282.flac,BONAFIDE,-,LA_0059,-9.96590518951416,4.697452194493128e-05,0.9999530337451736,SPOOF,23.311100001592422,cuda:0
678,LA_E_8271513,LA_E_8271513.flac,SPOOF,A09,LA_0033,-5.1531195640563965,0.00578134130196224,0.994218707533031,SPOOF,20.646300001317286,cuda:0
679,LA_E_2040965,LA_E_2040965.flac,SPOOF,A07,LA_0032,-8.127906799316406,0.00029518543693927225,0.999704805765715,SPOOF,20.88969999931578,cuda:0
680,LA_E_8531546,LA_E_8531546.flac,BONAFIDE,-,LA_0012,-2.8247294425964355,0.05932470539657083,0.9406752554100964,SPOOF,20.837699999901815,cuda:0
681,LA_E_8923639,LA_E_8923639.flac,BONAFIDE,-,LA_0041,-0.06689044833183289,0.9352976591432542,0.06470232177851058,BONAFIDE,22.393100000044797,cuda:0
682,LA_E_8261559,LA_E_8261559.flac,BONAFIDE,-,LA_0039,-0.010977353900671005,0.9890826773863038,0.010917327430267916,BONAFIDE,23.547099999632337,cuda:0
683,LA_E_6500771,LA_E_6500771.flac,BONAFIDE,-,LA_0049,-9.459146499633789,7.797311270320061e-05,0.999922043204773,SPOOF,19.945100000768434,cuda:0
684,LA_E_4728958,LA_E_4728958.flac,BONAFIDE,-,LA_0065,-0.002910784212872386,0.9970934480121342,0.0029065128810819743,BONAFIDE,21.37120000043069,cuda:0
685,LA_E_5380165,LA_E_5380165.flac,SPOOF,A07,LA_0046,-6.506102085113525,0.0014942930128240483,0.9985056829354767,SPOOF,21.810000000186847,cuda:0
686,LA_E_3422350,LA_E_3422350.flac,BONAFIDE,-,LA_0002,-0.051689282059669495,0.9496238861846188,0.05037611644720623,BONAFIDE,23.084799999196548,cuda:0
687,LA_E_9337827,LA_E_9337827.flac,BONAFIDE,-,LA_0039,-0.19770093262195587,0.8206152356899648,0.17938469985151637,BONAFIDE,20.756100000653532,cuda:0
688,LA_E_1244505,LA_E_1244505.flac,BONAFIDE,-,LA_0031,-0.0027340196538716555,0.9972697143741184,0.0027303250317730118,BONAFIDE,20.832800000789575,cuda:0
689,LA_E_7041363,LA_E_7041363.flac,BONAFIDE,-,LA_0063,-0.8071682453155518,0.4461195804422932,0.5538804087487533,SPOOF,21.48289999968256,cuda:0
690,LA_E_7285905,LA_E_7285905.flac,SPOOF,A19,LA_0012,-0.18647733330726624,0.8298773723135657,0.17012265787084793,BONAFIDE,23.66480000091542,cuda:0
691,LA_E_9766259,LA_E_9766259.flac,BONAFIDE,-,LA_0012,-4.393007278442383,0.012363492793004683,0.9876364832463924,SPOOF,22.166200000356184,cuda:0
692,LA_E_1370474,LA_E_1370474.flac,BONAFIDE,-,LA_0068,-2.067234754562378,0.12653519925217627,0.8734647601750606,SPOOF,21.353000000090105,cuda:0
693,LA_E_7686501,LA_E_7686501.flac,SPOOF,A09,LA_0041,-8.500189781188965,0.00020342975820557472,0.9997965511486372,SPOOF,21.013700001276447,cuda:0
694,LA_E_3021853,LA_E_3021853.flac,BONAFIDE,-,LA_0033,-0.0012197205796837807,0.9987810229771212,0.0012189174659339782,BONAFIDE,24.157199999535806,cuda:0
695,LA_E_2804302,LA_E_2804302.flac,BONAFIDE,-,LA_0008,-6.007724285125732,0.0024596793449239724,0.9975403399356114,SPOOF,20.174699999188306,cuda:0
696,LA_E_9506363,LA_E_9506363.flac,BONAFIDE,-,LA_0032,-5.435783863067627,0.004357817749601631,0.9956421853881902,SPOOF,28.026699999827542,cuda:0
697,LA_E_1702479,LA_E_1702479.flac,SPOOF,A15,LA_0033,-7.194631099700928,0.0007506049326309644,0.9992494260461076,SPOOF,23.256799999217037,cuda:0
698,LA_E_4169892,LA_E_4169892.flac,BONAFIDE,-,LA_0004,-1.2695057392120361,0.280970460145399,0.7190295099572207,SPOOF,22.40929999970831,cuda:0
699,LA_E_9023832,LA_E_9023832.flac,SPOOF,A11,LA_0042,-10.207036018371582,3.690970555352394e-05,0.9999630464869772,SPOOF,21.098500001244247,cuda:0
700,LA_E_7610239,LA_E_7610239.flac,BONAFIDE,-,LA_0065,-1.3102192878723145,0.2697608946055819,0.7302390534544069,SPOOF,21.152699999220204,cuda:0
701,LA_E_2433256,LA_E_2433256.flac,BONAFIDE,-,LA_0010,-0.45579513907432556,0.6339436940887798,0.36605628752579483,BONAFIDE,20.41810000082478,cuda:0
702,LA_E_8188638,LA_E_8188638.flac,SPOOF,A16,LA_0037,-8.939181327819824,0.00013114836376071706,0.9998688869777397,SPOOF,21.39530000022205,cuda:0
703,LA_E_7818681,LA_E_7818681.flac,SPOOF,A17,LA_0027,-9.590270042419434,6.839095065734568e-05,0.9999315785515103,SPOOF,22.94669999901089,cuda:0
704,LA_E_2089512,LA_E_2089512.flac,BONAFIDE,-,LA_0028,-4.441473960876465,0.011778564575274977,0.9882214842535327,SPOOF,20.523099999991246,cuda:0
705,LA_E_1892149,LA_E_1892149.flac,BONAFIDE,-,LA_0031,-6.265090465545654,0.001901541386693546,0.9980984200194871,SPOOF,24.783400000160327,cuda:0
706,LA_E_4256659,LA_E_4256659.flac,BONAFIDE,-,LA_0049,-5.065814018249512,0.006308773355416087,0.9936912052693292,SPOOF,21.046399999249843,cuda:0
707,LA_E_4402351,LA_E_4402351.flac,BONAFIDE,-,LA_0008,-9.944454193115234,4.799305749129051e-05,0.9999519609634618,SPOOF,22.137500000098953,cuda:0
708,LA_E_4730448,LA_E_4730448.flac,SPOOF,A09,LA_0007,-9.89318561553955,5.0517759232186775e-05,0.9999494578154603,SPOOF,21.241799999188515,cuda:0
709,LA_E_1926069,LA_E_1926069.flac,BONAFIDE,-,LA_0010,-4.451639652252197,0.011659433871860598,0.988340594309861,SPOOF,24.69349999955739,cuda:0
710,LA_E_6135912,LA_E_6135912.flac,BONAFIDE,-,LA_0031,-1.1324817933200393e-05,0.9999886752461923,1.1276691354465693e-05,BONAFIDE,20.53159999923082,cuda:0
711,LA_E_1162721,LA_E_1162721.flac,BONAFIDE,-,LA_0031,-0.011447577737271786,0.9886176964661517,0.011382301726646522,BONAFIDE,20.639000000301166,cuda:0
712,LA_E_1729164,LA_E_1729164.flac,BONAFIDE,-,LA_0031,-3.135155202471651e-05,0.99996864893943,3.134009955374234e-05,BONAFIDE,20.95509999890055,cuda:0
713,LA_E_2318961,LA_E_2318961.flac,SPOOF,A09,LA_0028,-9.476648330688477,7.662031322345266e-05,0.9999233543037372,SPOOF,21.638300000631716,cuda:0
714,LA_E_9347318,LA_E_9347318.flac,BONAFIDE,-,LA_0024,-1.0572561025619507,0.3474077549623745,0.652592202138187,SPOOF,20.772800000486313,cuda:0
715,LA_E_6197025,LA_E_6197025.flac,SPOOF,A08,LA_0035,-6.498147964477539,0.001506226195786302,0.9984937976758333,SPOOF,21.219300000666408,cuda:0
716,LA_E_1011882,LA_E_1011882.flac,SPOOF,A19,LA_0024,-10.531660079956055,2.667829938991565e-05,0.9999732978321718,SPOOF,20.49029999943741,cuda:0
717,LA_E_8662014,LA_E_8662014.flac,BONAFIDE,-,LA_0020,-0.912975549697876,0.40132827338811766,0.5986717343316307,SPOOF,20.43260000027658,cuda:0
718,LA_E_9998633,LA_E_9998633.flac,SPOOF,A09,LA_0039,-8.863685607910156,0.0001414328364101624,0.9998585185944591,SPOOF,22.032700000636396,cuda:0
719,LA_E_2885805,LA_E_2885805.flac,BONAFIDE,-,LA_0015,-1.4561302661895752,0.2331367083897228,0.7668632983509263,SPOOF,23.84359999996377,cuda:0
720,LA_E_4201069,LA_E_4201069.flac,BONAFIDE,-,LA_0066,-0.009068019688129425,0.9909729708079562,0.00902703376544078,BONAFIDE,21.09779999955208,cuda:0
721,LA_E_7824929,LA_E_7824929.flac,BONAFIDE,-,LA_0033,-6.30125093460083,0.001834009116005916,0.9981659969894624,SPOOF,19.84959999936109,cuda:0
722,LA_E_5688418,LA_E_5688418.flac,BONAFIDE,-,LA_0030,-0.0004768426588270813,0.999523271012565,0.0004767307858583196,BONAFIDE,20.792299999811803,cuda:0
723,LA_E_4319351,LA_E_4319351.flac,BONAFIDE,-,LA_0014,-0.5827922821044922,0.5583371530647441,0.4416628771478277,BONAFIDE,26.397300000098767,cuda:0
724,LA_E_1905695,LA_E_1905695.flac,SPOOF,A09,LA_0018,-9.70313835144043,6.109146739100309e-05,0.9999388493741573,SPOOF,25.725200001033954,cuda:0
725,LA_E_6926399,LA_E_6926399.flac,SPOOF,A17,LA_0034,-0.8083908557891846,0.4455744832594141,0.5544255373284596,SPOOF,21.35219999945548,cuda:0
726,LA_E_6979906,LA_E_6979906.flac,SPOOF,A11,LA_0041,-3.5106818675994873,0.029876535648254567,0.9701234506130539,SPOOF,22.611000000324566,cuda:0
727,LA_E_2563765,LA_E_2563765.flac,BONAFIDE,-,LA_0049,-0.06473737210035324,0.9373135957563377,0.06268642230405101,BONAFIDE,23.078500000337954,cuda:0
728,LA_E_5705954,LA_E_5705954.flac,SPOOF,A11,LA_0043,-0.866757869720459,0.42031204901813546,0.5796878927811936,SPOOF,21.53849999922386,cuda:0
729,LA_E_7464302,LA_E_7464302.flac,BONAFIDE,-,LA_0041,-11.001276016235352,1.668040274009803e-05,0.9999833109787883,SPOOF,21.077000001241686,cuda:0
730,LA_E_2452350,LA_E_2452350.flac,SPOOF,A15,LA_0035,-6.663597106933594,0.001276546228453741,0.9987234696441785,SPOOF,24.911999998948886,cuda:0
731,LA_E_2355775,LA_E_2355775.flac,BONAFIDE,-,LA_0068,-0.0004956685588695109,0.9995044542644965,0.0004956045878785494,BONAFIDE,21.696499999961816,cuda:0
732,LA_E_7972980,LA_E_7972980.flac,SPOOF,A16,LA_0021,-9.768575668334961,5.722179685107272e-05,0.9999427828150717,SPOOF,19.809900000836933,cuda:0
733,LA_E_2671815,LA_E_2671815.flac,BONAFIDE,-,LA_0019,-0.03465602174401283,0.9659376206568919,0.034062414760711465,BONAFIDE,22.82060000106867,cuda:0
734,LA_E_4581379,LA_E_4581379.flac,BONAFIDE,-,LA_0033,-0.04875741899013519,0.9524121387765963,0.047587854963060346,BONAFIDE,21.29600000080245,cuda:0
735,LA_E_2482772,LA_E_2482772.flac,BONAFIDE,-,LA_0031,-0.059310831129550934,0.9424137920827637,0.05758618192610077,BONAFIDE,20.147699999142787,cuda:0
736,LA_E_4087863,LA_E_4087863.flac,SPOOF,A17,LA_0010,-0.19708454608917236,0.8211212077910159,0.17887875593239402,BONAFIDE,22.843700000521494,cuda:0
737,LA_E_5972743,LA_E_5972743.flac,SPOOF,A11,LA_0009,-3.086057186126709,0.045681714288716806,0.9543182259862285,SPOOF,23.65730000019539,cuda:0
738,LA_E_4298208,LA_E_4298208.flac,SPOOF,A08,LA_0039,-2.8447277545928955,0.058150095681517355,0.9418499248500716,SPOOF,20.9088999999949,cuda:0
739,LA_E_4093138,LA_E_4093138.flac,BONAFIDE,-,LA_0048,-8.174368858337402,0.00028178424786600884,0.9997182686308643,SPOOF,67.99990000035905,cuda:0
740,LA_E_6300038,LA_E_6300038.flac,SPOOF,A17,LA_0026,-12.229628562927246,4.883596787688452e-06,0.999995112442896,SPOOF,34.832299999834504,cuda:0
741,LA_E_1544490,LA_E_1544490.flac,SPOOF,A13,LA_0043,-7.739698886871338,0.0004352026005676536,0.9995648371183729,SPOOF,24.766700000327546,cuda:0
742,LA_E_2431503,LA_E_2431503.flac,BONAFIDE,-,LA_0047,-9.457673072814941,7.808808505948283e-05,0.999921924012059,SPOOF,21.222100000159116,cuda:0
743,LA_E_4880075,LA_E_4880075.flac,BONAFIDE,-,LA_0058,-3.725102663040161,0.02411062502968741,0.9758893227417601,SPOOF,21.97400000113703,cuda:0
744,LA_E_5921096,LA_E_5921096.flac,BONAFIDE,-,LA_0045,-9.261707305908203,9.49930045008512e-05,0.9999049992201816,SPOOF,23.7422999998671,cuda:0
745,LA_E_3577035,LA_E_3577035.flac,SPOOF,A19,LA_0040,-11.377275466918945,1.1452809728651051e-05,0.9999885560391694,SPOOF,23.390000000290456,cuda:0
746,LA_E_4866797,LA_E_4866797.flac,BONAFIDE,-,LA_0014,-6.9476423263549805,0.0009608979689728686,0.9990391435973681,SPOOF,21.31099999860453,cuda:0
747,LA_E_9168738,LA_E_9168738.flac,SPOOF,A15,LA_0047,-8.557059288024902,0.00019218362014610064,0.9998078715506594,SPOOF,20.075099999303347,cuda:0
748,LA_E_6631555,LA_E_6631555.flac,SPOOF,A17,LA_0022,-5.195284366607666,0.005542639949149931,0.9944573805761971,SPOOF,22.277600000961684,cuda:0
749,LA_E_5601474,LA_E_5601474.flac,BONAFIDE,-,LA_0001,-0.0007334641413763165,0.9992668047776955,0.0007332525010897796,BONAFIDE,27.52169999985199,cuda:0
750,LA_E_8066774,LA_E_8066774.flac,BONAFIDE,-,LA_0041,-0.8195459842681885,0.44063166280595445,0.5593683705737383,SPOOF,29.20830000039132,cuda:0
751,LA_E_1231345,LA_E_1231345.flac,BONAFIDE,-,LA_0047,-4.4331374168396,0.011877167530428641,0.9881228889968188,SPOOF,23.590599999806727,cuda:0
752,LA_E_4518104,LA_E_4518104.flac,SPOOF,A10,LA_0002,-7.692370414733887,0.00045629527973644994,0.9995437558748342,SPOOF,20.234899999195477,cuda:0
753,LA_E_3622127,LA_E_3622127.flac,SPOOF,A07,LA_0031,-7.511454105377197,0.000546785426736952,0.9994532476874897,SPOOF,20.533199998681084,cuda:0
754,LA_E_7174925,LA_E_7174925.flac,BONAFIDE,-,LA_0032,-9.507381439208984,7.430134982270721e-05,0.9999257381277472,SPOOF,23.13780000076804,cuda:0
755,LA_E_7317188,LA_E_7317188.flac,SPOOF,A11,LA_0035,-6.7696967124938965,0.00114804278513958,0.9988519036724944,SPOOF,20.066299999598414,cuda:0
756,LA_E_8444421,LA_E_8444421.flac,BONAFIDE,-,LA_0020,-8.789766311645508,0.00015228355041981315,0.9998476737286554,SPOOF,23.003000000244356,cuda:0
757,LA_E_1395552,LA_E_1395552.flac,BONAFIDE,-,LA_0061,-4.871409893035889,0.007662554286582828,0.9923375045929201,SPOOF,20.14200000121491,cuda:0
758,LA_E_2857014,LA_E_2857014.flac,SPOOF,A13,LA_0016,-8.595819473266602,0.00018487706389440305,0.9998151405644667,SPOOF,20.243199998731143,cuda:0
759,LA_E_3416324,LA_E_3416324.flac,SPOOF,A17,LA_0026,-6.6507182121276855,0.001293093056763168,0.9987069421187197,SPOOF,21.341699999538832,cuda:0
760,LA_E_9634234,LA_E_9634234.flac,BONAFIDE,-,LA_0045,-5.3677544593811035,0.0046645940940927,0.9953353856950702,SPOOF,23.09880000029807,cuda:0
761,LA_E_9671886,LA_E_9671886.flac,SPOOF,A08,LA_0027,-3.732571840286255,0.023931209375598828,0.9760687333669841,SPOOF,21.035499999925378,cuda:0
762,LA_E_6113490,LA_E_6113490.flac,SPOOF,A12,LA_0026,-0.2995891273021698,0.7411226652023389,0.25887735760167463,BONAFIDE,21.062399999209447,cuda:0
763,LA_E_9766371,LA_E_9766371.flac,SPOOF,A13,LA_0047,-10.263442039489746,3.4885404008431326e-05,0.9999650728993075,SPOOF,19.98529999946186,cuda:0
764,LA_E_7169620,LA_E_7169620.flac,SPOOF,A11,LA_0043,-4.975133419036865,0.006907597272996755,0.9930924229992789,SPOOF,20.418500000232598,cuda:0
765,LA_E_2256037,LA_E_2256037.flac,BONAFIDE,-,LA_0056,-0.7138797640800476,0.4897404294369398,0.5102595468785713,SPOOF,25.371399999130517,cuda:0
766,LA_E_1945126,LA_E_1945126.flac,BONAFIDE,-,LA_0058,-5.510489463806152,0.004044127444695957,0.9959559143230836,SPOOF,23.58260000073642,cuda:0
767,LA_E_1232728,LA_E_1232728.flac,BONAFIDE,-,LA_0057,-6.981189727783203,0.0009291970537761226,0.999070793353131,SPOOF,24.348300001292955,cuda:0
768,LA_E_5209656,LA_E_5209656.flac,BONAFIDE,-,LA_0065,-0.07080121338367462,0.9316470726904631,0.06835287776648324,BONAFIDE,21.071999999549007,cuda:0
769,LA_E_9144299,LA_E_9144299.flac,SPOOF,A08,LA_0020,-7.4395880699157715,0.0005875271678208785,0.9994125243268028,SPOOF,21.115400000780937,cuda:0
770,LA_E_1642593,LA_E_1642593.flac,SPOOF,A19,LA_0008,-7.564692974090576,0.0005184365167784767,0.9994815892621668,SPOOF,19.98460000140767,cuda:0
771,LA_E_6852632,LA_E_6852632.flac,SPOOF,A16,LA_0020,-3.169207811355591,0.04203688586015878,0.9579631083059122,SPOOF,22.7257999995345,cuda:0
772,LA_E_1553888,LA_E_1553888.flac,BONAFIDE,-,LA_0011,-0.02497899904847145,0.9753303946795974,0.02466964308540467,BONAFIDE,20.19520000067132,cuda:0
773,LA_E_9940928,LA_E_9940928.flac,SPOOF,A07,LA_0024,-0.025736086070537567,0.9745922641453396,0.025407675097731532,BONAFIDE,23.048900000503636,cuda:0
774,LA_E_1266270,LA_E_1266270.flac,BONAFIDE,-,LA_0025,-9.214473724365234,9.958751781546395e-05,0.9999004701515762,SPOOF,20.227700000759796,cuda:0
775,LA_E_5943410,LA_E_5943410.flac,BONAFIDE,-,LA_0040,-4.826877117156982,0.008011501220627082,0.9919885114308657,SPOOF,20.946500000718515,cuda:0
776,LA_E_1402365,LA_E_1402365.flac,BONAFIDE,-,LA_0028,-0.017089491710066795,0.9830557053620967,0.016944310553227322,BONAFIDE,21.06389999971725,cuda:0
777,LA_E_6107414,LA_E_6107414.flac,BONAFIDE,-,LA_0026,-3.057504892349243,0.04700483113965316,0.9529952235819015,SPOOF,21.553699998548836,cuda:0
778,LA_E_3609940,LA_E_3609940.flac,BONAFIDE,-,LA_0040,-9.360770225524902,8.603380775538471e-05,0.9999139382999274,SPOOF,19.46260000113398,cuda:0
779,LA_E_5369306,LA_E_5369306.flac,BONAFIDE,-,LA_0054,-5.782341957092285,0.0030814902331078313,0.9969185469907479,SPOOF,22.356699999363627,cuda:0
780,LA_E_8475043,LA_E_8475043.flac,SPOOF,A11,LA_0038,-9.908604621887207,4.974480002728003e-05,0.9999502921986438,SPOOF,31.592000001182896,cuda:0
781,LA_E_2085042,LA_E_2085042.flac,SPOOF,A17,LA_0048,-0.006055816542357206,0.9939624829565368,0.006037570345132545,BONAFIDE,24.909400000979076,cuda:0
782,LA_E_9439221,LA_E_9439221.flac,SPOOF,A12,LA_0029,-0.5985254049301147,0.5496215079967129,0.45037846042191365,BONAFIDE,24.532600000384264,cuda:0
783,LA_E_1054031,LA_E_1054031.flac,BONAFIDE,-,LA_0020,-5.988566875457764,0.002507254684896761,0.9974927741750829,SPOOF,25.262900000598165,cuda:0
784,LA_E_5152024,LA_E_5152024.flac,SPOOF,A10,LA_0010,-5.207119941711426,0.005477426299545954,0.9945225788631993,SPOOF,24.257099999886123,cuda:0
785,LA_E_7361492,LA_E_7361492.flac,BONAFIDE,-,LA_0035,-0.0007288183551281691,0.9992714471684592,0.0007284995541708787,BONAFIDE,22.505299999465933,cuda:0
786,LA_E_3687111,LA_E_3687111.flac,SPOOF,A11,LA_0024,-6.198929309844971,0.0020316046913603173,0.9979683988620388,SPOOF,20.411399998920388,cuda:0
787,LA_E_1330872,LA_E_1330872.flac,BONAFIDE,-,LA_0048,-9.254974365234375,9.563474473975732e-05,0.9999044032887385,SPOOF,21.774399998321314,cuda:0
788,LA_E_9431255,LA_E_9431255.flac,SPOOF,A18,LA_0006,-2.6613268852233887,0.06985547003186705,0.9301445337618018,SPOOF,20.955899999535177,cuda:0
789,LA_E_5040825,LA_E_5040825.flac,BONAFIDE,-,LA_0029,-9.78612995147705,5.6226074393652744e-05,0.9999437363807097,SPOOF,19.509900001139613,cuda:0
790,LA_E_1236094,LA_E_1236094.flac,SPOOF,A08,LA_0003,-8.389517784118652,0.00022723682915077033,0.9997727195465926,SPOOF,24.874099999578902,cuda:0
791,LA_E_5478215,LA_E_5478215.flac,SPOOF,A19,LA_0033,-4.979048252105713,0.006880608046394096,0.9931193468944489,SPOOF,25.241499999538064,cuda:0
792,LA_E_6531513,LA_E_6531513.flac,BONAFIDE,-,LA_0020,-5.309912204742432,0.004942360614455643,0.9950576924670755,SPOOF,21.057899999505025,cuda:0
793,LA_E_1066571,LA_E_1066571.flac,BONAFIDE,-,LA_0064,-2.599963665008545,0.07427627699319339,0.9257236722461064,SPOOF,24.061000000074273,cuda:0
794,LA_E_2362333,LA_E_2362333.flac,BONAFIDE,-,LA_0058,-0.20984512567520142,0.8107097943798357,0.18929019646352657,BONAFIDE,22.744100000636536,cuda:0
795,LA_E_9670886,LA_E_9670886.flac,SPOOF,A11,LA_0047,-5.871563911437988,0.002818462060439976,0.997181514146978,SPOOF,20.492499999818392,cuda:0
796,LA_E_9917836,LA_E_9917836.flac,BONAFIDE,-,LA_0022,-0.006293241400271654,0.993726519568144,0.006273432431972249,BONAFIDE,20.32880000115256,cuda:0
797,LA_E_8651178,LA_E_8651178.flac,BONAFIDE,-,LA_0031,-0.022303808480501175,0.9779430825128502,0.02205694669959211,BONAFIDE,21.699400000215974,cuda:0
798,LA_E_7480432,LA_E_7480432.flac,SPOOF,A18,LA_0026,-0.00029130507027730346,0.999708737354925,0.00029129964754353015,BONAFIDE,19.874199999321718,cuda:0
799,LA_E_7452185,LA_E_7452185.flac,SPOOF,A17,LA_0018,-0.5591900944709778,0.5716718766198663,0.42832813750983173,BONAFIDE,22.06079999996291,cuda:0
800,LA_E_4735335,LA_E_4735335.flac,SPOOF,A09,LA_0042,-6.104355812072754,0.0022331194554117404,0.9977668436347729,SPOOF,21.144600001207436,cuda:0
801,LA_E_4309982,LA_E_4309982.flac,BONAFIDE,-,LA_0002,-0.008148993365466595,0.9918841196739415,0.008115850857680624,BONAFIDE,30.431499999394873,cuda:0
802,LA_E_5682817,LA_E_5682817.flac,SPOOF,A14,LA_0037,-1.6877856254577637,0.1849285720551269,0.8150714744711005,SPOOF,23.370400000203517,cuda:0
803,LA_E_4408374,LA_E_4408374.flac,SPOOF,A13,LA_0018,-4.331908226013184,0.013142444791857485,0.9868575585345919,SPOOF,22.54700000048615,cuda:0
804,LA_E_4605580,LA_E_4605580.flac,SPOOF,A11,LA_0035,-6.172406196594238,0.002086210124620546,0.9979137881819817,SPOOF,23.65569999892614,cuda:0
805,LA_E_9632320,LA_E_9632320.flac,BONAFIDE,-,LA_0020,-9.704216003417969,6.102566751141156e-05,0.9999389685688888,SPOOF,23.854600000049686,cuda:0
806,LA_E_2667571,LA_E_2667571.flac,BONAFIDE,-,LA_0005,-0.0016614693449810147,0.9983399101311197,0.0016601347671090386,BONAFIDE,21.703200000047218,cuda:0
807,LA_E_9544869,LA_E_9544869.flac,BONAFIDE,-,LA_0066,-1.1897804737091064,0.304288055963436,0.6957119409780674,SPOOF,26.832999999896856,cuda:0
808,LA_E_9362499,LA_E_9362499.flac,SPOOF,A08,LA_0023,-6.8873772621154785,0.0010205870662415878,0.9989794190765144,SPOOF,24.699399999008165,cuda:0
809,LA_E_2075593,LA_E_2075593.flac,BONAFIDE,-,LA_0065,-2.3841574147809297e-05,0.9999761587100603,2.3784424920178902e-05,BONAFIDE,21.73159999983909,cuda:0
810,LA_E_4355513,LA_E_4355513.flac,BONAFIDE,-,LA_0009,-0.030485747382044792,0.9699742566411984,0.0300257589354258,BONAFIDE,24.117900000419468,cuda:0
811,LA_E_6030759,LA_E_6030759.flac,BONAFIDE,-,LA_0065,-0.0013400870375335217,0.9986608104781394,0.001339238658614735,BONAFIDE,24.634199999127304,cuda:0
812,LA_E_5258402,LA_E_5258402.flac,SPOOF,A14,LA_0047,-11.068115234375,1.560194090633794e-05,0.9999843838268748,SPOOF,20.7444999996369,cuda:0
813,LA_E_3296518,LA_E_3296518.flac,SPOOF,A15,LA_0046,-9.679216384887695,6.257051577078457e-05,0.9999374190384885,SPOOF,21.652600000379607,cuda:0
814,LA_E_5231935,LA_E_5231935.flac,SPOOF,A15,LA_0047,-9.847683906555176,5.2869502028366325e-05,0.999947073876698,SPOOF,26.18079999956535,cuda:0
815,LA_E_8295057,LA_E_8295057.flac,SPOOF,A08,LA_0002,-8.071907997131348,0.00031218706043720435,0.9996877691935837,SPOOF,27.985099999568774,cuda:0
816,LA_E_1047198,LA_E_1047198.flac,BONAFIDE,-,LA_0027,-1.728519782773219e-05,0.9999827149515604,1.7266085479499683e-05,BONAFIDE,23.5489000006055,cuda:0
817,LA_E_6763061,LA_E_6763061.flac,SPOOF,A11,LA_0047,-10.547266960144043,2.6265166610305193e-05,0.9999737746439785,SPOOF,27.322500000082073,cuda:0
818,LA_E_5854875,LA_E_5854875.flac,SPOOF,A13,LA_0018,-5.360027313232422,0.00470077771239562,0.9952992485650096,SPOOF,27.48509999946691,cuda:0
819,LA_E_8985539,LA_E_8985539.flac,SPOOF,A11,LA_0038,-4.360084056854248,0.012777313583609517,0.9872227004326145,SPOOF,28.45570000135922,cuda:0
820,LA_E_7097428,LA_E_7097428.flac,BONAFIDE,-,LA_0012,-1.150604486465454,0.31644542457599684,0.6835545893714692,SPOOF,28.553000000101747,cuda:0
821,LA_E_8036754,LA_E_8036754.flac,SPOOF,A14,LA_0037,-6.2369279861450195,0.001955854716110928,0.9980441512520141,SPOOF,25.710500000059255,cuda:0
822,LA_E_8189792,LA_E_8189792.flac,BONAFIDE,-,LA_0028,-4.442449569702148,0.01176707890739195,0.9882328939352544,SPOOF,20.574000000124215,cuda:0
823,LA_E_5245205,LA_E_5245205.flac,BONAFIDE,-,LA_0023,-0.9339755773544312,0.3929882454508603,0.6070117087197235,SPOOF,22.925999999642954,cuda:0
824,LA_E_2636404,LA_E_2636404.flac,BONAFIDE,-,LA_0063,-0.0017212113598361611,0.9982802690749343,0.001719762438778484,BONAFIDE,20.706599998447928,cuda:0
825,LA_E_2098989,LA_E_2098989.flac,BONAFIDE,-,LA_0061,-6.153790473937988,0.0021254101702497114,0.9978746144374117,SPOOF,20.54870000029041,cuda:0
826,LA_E_7245357,LA_E_7245357.flac,SPOOF,A18,LA_0043,-0.11855701357126236,0.8882011746922385,0.11179881202889079,BONAFIDE,22.677200000543962,cuda:0
827,LA_E_1632308,LA_E_1632308.flac,BONAFIDE,-,LA_0055,-10.054600715637207,4.298752005662592e-05,0.99995696730009,SPOOF,25.546700000631972,cuda:0
828,LA_E_9219120,LA_E_9219120.flac,SPOOF,A19,LA_0019,-5.227015972137451,0.005369524230076728,0.9946304756071574,SPOOF,20.96960000017134,cuda:0
829,LA_E_1421446,LA_E_1421446.flac,SPOOF,A15,LA_0029,-0.5072464346885681,0.6021513612140488,0.3978486314255359,BONAFIDE,28.313200000411598,cuda:0
830,LA_E_7158573,LA_E_7158573.flac,SPOOF,A15,LA_0024,-0.8830805420875549,0.4135071215364756,0.5864928237255873,SPOOF,27.17780000057246,cuda:0
831,LA_E_9528968,LA_E_9528968.flac,BONAFIDE,-,LA_0027,-10.45030403137207,2.8939473452743958e-05,0.9999710329823779,SPOOF,27.977299998383387,cuda:0
832,LA_E_8587908,LA_E_8587908.flac,BONAFIDE,-,LA_0012,-0.08114055544137955,0.9220640812121947,0.07793592998356248,BONAFIDE,26.07940000052622,cuda:0
833,LA_E_3777919,LA_E_3777919.flac,BONAFIDE,-,LA_0021,-0.0003413571394048631,0.9996587011163146,0.00034133912700299294,BONAFIDE,20.17320000049949,cuda:0
834,LA_E_1443485,LA_E_1443485.flac,BONAFIDE,-,LA_0042,-10.246254920959473,3.549016575098066e-05,0.9999644768920447,SPOOF,26.315600000089034,cuda:0
835,LA_E_8183962,LA_E_8183962.flac,SPOOF,A07,LA_0004,-8.648345947265625,0.00017541675689579012,0.9998245547140321,SPOOF,19.407499999942956,cuda:0
836,LA_E_8617121,LA_E_8617121.flac,SPOOF,A18,LA_0030,-0.013022495433688164,0.987061930384336,0.01293808545972682,BONAFIDE,25.205799998730072,cuda:0
837,LA_E_9203884,LA_E_9203884.flac,BONAFIDE,-,LA_0058,-0.02169274352490902,0.9785408518784924,0.021459158480382833,BONAFIDE,19.67530000001716,cuda:0
838,LA_E_8193548,LA_E_8193548.flac,SPOOF,A08,LA_0035,-6.181329250335693,0.0020676775660354346,0.9979323076371889,SPOOF,26.03590000035183,cuda:0
839,LA_E_4632521,LA_E_4632521.flac,SPOOF,A14,LA_0037,-0.7750780582427979,0.4606678206748888,0.5393321235154056,SPOOF,23.363000000244938,cuda:0
840,LA_E_7602365,LA_E_7602365.flac,BONAFIDE,-,LA_0055,-9.272665977478027,9.39576905569348e-05,0.9999060719005844,SPOOF,20.655500000430038,cuda:0
841,LA_E_1701685,LA_E_1701685.flac,BONAFIDE,-,LA_0005,-1.3187507390975952,0.26746923219380825,0.732530806746993,SPOOF,22.269999999480206,cuda:0
842,LA_E_2010370,LA_E_2010370.flac,SPOOF,A18,LA_0006,-6.056352138519287,0.002342932009322357,0.9976570791517899,SPOOF,23.586200000863755,cuda:0
843,LA_E_6231780,LA_E_6231780.flac,BONAFIDE,-,LA_0008,-0.22465455532073975,0.7987921095882163,0.20120790302485447,BONAFIDE,20.60949999940931,cuda:0
844,LA_E_3321183,LA_E_3321183.flac,SPOOF,A13,LA_0031,-8.982810974121094,0.00012554943480525224,0.9998744883679331,SPOOF,27.59650000007241,cuda:0
845,LA_E_3741023,LA_E_3741023.flac,BONAFIDE,-,LA_0031,-1.5042017698287964,0.22219458548477447,0.7778054058842425,SPOOF,26.4738000005309,cuda:0
846,LA_E_7021090,LA_E_7021090.flac,SPOOF,A17,LA_0028,-10.83060359954834,1.9784661354499752e-05,0.9999802116501774,SPOOF,21.1514000002353,cuda:0
847,LA_E_1632144,LA_E_1632144.flac,SPOOF,A19,LA_0023,-0.16561441123485565,0.8473729086778198,0.15262712794675315,BONAFIDE,24.99100000022736,cuda:0
848,LA_E_4520592,LA_E_4520592.flac,BONAFIDE,-,LA_0004,-0.8760019540786743,0.41644455225416643,0.5835554377378112,SPOOF,25.468800000453484,cuda:0
849,LA_E_1027431,LA_E_1027431.flac,SPOOF,A13,LA_0020,-1.93312668800354,0.14469507411111135,0.8553048863522088,SPOOF,20.975100000214297,cuda:0
850,LA_E_5803157,LA_E_5803157.flac,BONAFIDE,-,LA_0019,-7.366602420806885,0.0006320118456936678,0.999367994403765,SPOOF,23.211099998661666,cuda:0
851,LA_E_7152787,LA_E_7152787.flac,SPOOF,A09,LA_0038,-5.018491744995117,0.00661449553565534,0.9933854892281804,SPOOF,20.194900000205962,cuda:0
852,LA_E_1319523,LA_E_1319523.flac,BONAFIDE,-,LA_0011,-2.761580228805542,0.06319183186618411,0.9368081175125392,SPOOF,22.92189999934635,cuda:0
853,LA_E_5853108,LA_E_5853108.flac,BONAFIDE,-,LA_0031,-0.410556823015213,0.663280817266899,0.33671918216439956,BONAFIDE,20.098000000871252,cuda:0
854,LA_E_2946137,LA_E_2946137.flac,SPOOF,A14,LA_0016,-4.8510212898254395,0.007820386588123254,0.9921796407124476,SPOOF,21.07080000132555,cuda:0
855,LA_E_5439039,LA_E_5439039.flac,BONAFIDE,-,LA_0045,-0.6939877867698669,0.4995798735002506,0.5004201498017887,SPOOF,27.71490000122867,cuda:0
856,LA_E_3941995,LA_E_3941995.flac,BONAFIDE,-,LA_0031,-0.15189146995544434,0.8590815118366011,0.1409185424182481,BONAFIDE,21.609700001135934,cuda:0
857,LA_E_1152326,LA_E_1152326.flac,SPOOF,A11,LA_0037,-6.409799098968506,0.0016453550223896989,0.9983546432457341,SPOOF,24.992099999508355,cuda:0
858,LA_E_4075599,LA_E_4075599.flac,SPOOF,A10,LA_0047,-5.679236888885498,0.003416164361959836,0.9965838469970135,SPOOF,24.529799999072566,cuda:0
859,LA_E_3911375,LA_E_3911375.flac,BONAFIDE,-,LA_0035,-6.867286205291748,0.0010412991056660045,0.9989587193261702,SPOOF,20.573200001308578,cuda:0
860,LA_E_3812764,LA_E_3812764.flac,SPOOF,A10,LA_0037,-4.669501304626465,0.009376944600080466,0.9906230648860028,SPOOF,25.90079999936279,cuda:0
861,LA_E_9470174,LA_E_9470174.flac,BONAFIDE,-,LA_0060,-5.856426239013672,0.0028614515755355278,0.9971386050593957,SPOOF,22.17969999946945,cuda:0
862,LA_E_4705549,LA_E_4705549.flac,SPOOF,A16,LA_0026,-6.910378456115723,0.000997380260389151,0.9990026179412144,SPOOF,29.310500000065076,cuda:0
863,LA_E_1148355,LA_E_1148355.flac,SPOOF,A12,LA_0047,-5.616202354431152,0.003638432381820069,0.9963615486029163,SPOOF,24.780899999313988,cuda:0
864,LA_E_2538735,LA_E_2538735.flac,SPOOF,A11,LA_0045,-1.7093133926391602,0.1809900190441664,0.819009959525841,SPOOF,26.470299999346025,cuda:0
865,LA_E_8178330,LA_E_8178330.flac,SPOOF,A14,LA_0040,-9.958749771118164,4.731184972483575e-05,0.9999526761523544,SPOOF,30.337199999848963,cuda:0
866,LA_E_9577105,LA_E_9577105.flac,SPOOF,A13,LA_0016,-6.877346515655518,0.0010308758320764907,0.9989690690895795,SPOOF,27.290099998936057,cuda:0
867,LA_E_3416428,LA_E_3416428.flac,SPOOF,A14,LA_0042,-9.334212303161621,8.834929815365204e-05,0.999911673717352,SPOOF,20.811599999433383,cuda:0
868,LA_E_4011687,LA_E_4011687.flac,SPOOF,A11,LA_0043,-8.932334899902344,0.000132049342302684,0.9998679335453171,SPOOF,21.245099998850492,cuda:0
869,LA_E_2129708,LA_E_2129708.flac,SPOOF,A17,LA_0001,-0.3011282980442047,0.7399828283066281,0.2600172576408375,BONAFIDE,26.121599999896716,cuda:0
870,LA_E_3253903,LA_E_3253903.flac,SPOOF,A10,LA_0014,-2.5123772621154785,0.08107527279134485,0.9189246871421265,SPOOF,20.179099999950267,cuda:0
871,LA_E_6136041,LA_E_6136041.flac,BONAFIDE,-,LA_0055,-4.851293563842773,0.007818257589898401,0.9921817530685302,SPOOF,23.95780000006198,cuda:0
872,LA_E_5812937,LA_E_5812937.flac,SPOOF,A10,LA_0008,-9.427938461303711,8.044486932183445e-05,0.9999195402044173,SPOOF,24.374700000407756,cuda:0
873,LA_E_6147431,LA_E_6147431.flac,BONAFIDE,-,LA_0037,-9.048945426940918,0.0001175148996436976,0.9998824734521726,SPOOF,26.464999999006977,cuda:0
874,LA_E_6121160,LA_E_6121160.flac,BONAFIDE,-,LA_0029,-3.0354347229003906,0.04805376826072746,0.9519462037082317,SPOOF,31.76569999959611,cuda:0
875,LA_E_5357579,LA_E_5357579.flac,SPOOF,A15,LA_0031,-9.631585121154785,6.562294701289973e-05,0.9999343199921671,SPOOF,20.07469999989553,cuda:0
876,LA_E_1127849,LA_E_1127849.flac,SPOOF,A10,LA_0041,-0.3586714267730713,0.6986038561683058,0.30139612394011245,BONAFIDE,21.819500001583947,cuda:0
877,LA_E_8249275,LA_E_8249275.flac,BONAFIDE,-,LA_0016,-0.003843422280624509,0.9961639542134358,0.003836044642741849,BONAFIDE,28.192899999339716,cuda:0
878,LA_E_4918900,LA_E_4918900.flac,SPOOF,A15,LA_0026,-0.0380706787109375,0.9626448999860846,0.0373551009634485,BONAFIDE,23.51960000123654,cuda:0
879,LA_E_9169246,LA_E_9169246.flac,SPOOF,A14,LA_0020,-6.038698673248291,0.002384660117343973,0.9976153156223775,SPOOF,23.308400001042173,cuda:0
880,LA_E_2699398,LA_E_2699398.flac,BONAFIDE,-,LA_0016,-0.0462578609585762,0.9547957259035905,0.04520430910998647,BONAFIDE,22.854800001368858,cuda:0
881,LA_E_2203673,LA_E_2203673.flac,SPOOF,A16,LA_0035,-7.582429885864258,0.0005093221235605771,0.9994906398581989,SPOOF,24.043900000833673,cuda:0
882,LA_E_2039237,LA_E_2039237.flac,SPOOF,A07,LA_0003,-6.998136043548584,0.000913583258902926,0.9990863810168503,SPOOF,27.418100000431878,cuda:0
883,LA_E_9700430,LA_E_9700430.flac,SPOOF,A13,LA_0018,-8.679204940795898,0.00017008624248846842,0.9998299172741218,SPOOF,26.26839999902586,cuda:0
884,LA_E_6732380,LA_E_6732380.flac,SPOOF,A10,LA_0019,-5.213188171386719,0.005444288663809761,0.994555711741362,SPOOF,21.170900001379778,cuda:0
885,LA_E_1073410,LA_E_1073410.flac,BONAFIDE,-,LA_0058,-0.3989327549934387,0.6710358236446684,0.3289641855444877,BONAFIDE,22.25400000133959,cuda:0
886,LA_E_5423834,LA_E_5423834.flac,SPOOF,A13,LA_0019,-0.3130490779876709,0.7312140251753363,0.26878595769532027,BONAFIDE,24.386600000070757,cuda:0
887,LA_E_7593870,LA_E_7593870.flac,SPOOF,A14,LA_0011,-10.13333797454834,3.97326228064774e-05,0.999960304883893,SPOOF,23.186899999927846,cuda:0
888,LA_E_8037962,LA_E_8037962.flac,SPOOF,A12,LA_0036,-8.447035789489746,0.00021453540187894247,0.9997854693149376,SPOOF,24.164299999029026,cuda:0
889,LA_E_1712434,LA_E_1712434.flac,SPOOF,A16,LA_0029,-0.006743175443261862,0.9932795087478019,0.006720491453629228,BONAFIDE,26.970400000209338,cuda:0
890,LA_E_8430719,LA_E_8430719.flac,SPOOF,A18,LA_0019,-0.5303089022636414,0.5884231763504618,0.4115768311592739,BONAFIDE,19.53730000059295,cuda:0
891,LA_E_9013462,LA_E_9013462.flac,BONAFIDE,-,LA_0042,-0.0016768217319622636,0.9983245833481321,0.0016753907608377775,BONAFIDE,22.389300000213552,cuda:0
892,LA_E_8840909,LA_E_8840909.flac,BONAFIDE,-,LA_0043,-3.7470571994781494,0.023587055823472012,0.9764129782852559,SPOOF,28.23560000069847,cuda:0
893,LA_E_8469367,LA_E_8469367.flac,BONAFIDE,-,LA_0043,-4.443390846252441,0.01175600804314083,0.9882439540065633,SPOOF,22.167999999510357,cuda:0
894,LA_E_8331956,LA_E_8331956.flac,SPOOF,A11,LA_0035,-2.888704538345337,0.05564825611855768,0.9443516807901213,SPOOF,25.85229999931471,cuda:0
895,LA_E_6896678,LA_E_6896678.flac,SPOOF,A16,LA_0009,-8.85188102722168,0.0001431122848294681,0.9998568501347177,SPOOF,31.221700000969577,cuda:0
896,LA_E_2389562,LA_E_2389562.flac,BONAFIDE,-,LA_0052,-6.019896507263184,0.0024299210611927816,0.9975701153858658,SPOOF,26.082800000949646,cuda:0
897,LA_E_6333755,LA_E_6333755.flac,SPOOF,A17,LA_0032,-0.0017015753546729684,0.9982998715039082,0.0017001173019135713,BONAFIDE,24.30350000031467,cuda:0
898,LA_E_6964595,LA_E_6964595.flac,SPOOF,A12,LA_0009,-2.778397798538208,0.062137985235069845,0.9378619772213906,SPOOF,28.29080000083195,cuda:0
899,LA_E_5704375,LA_E_5704375.flac,BONAFIDE,-,LA_0046,-6.370026588439941,0.00171211370252798,0.9982878723618211,SPOOF,26.89019999888842,cuda:0
900,LA_E_9254816,LA_E_9254816.flac,SPOOF,A09,LA_0040,-7.159943580627441,0.0007770983953846801,0.9992228829793135,SPOOF,23.312400000577327,cuda:0
901,LA_E_4132284,LA_E_4132284.flac,SPOOF,A18,LA_0034,-5.583632469177246,0.0037588866499017252,0.9962410894051255,SPOOF,22.182400000019697,cuda:0
902,LA_E_7814682,LA_E_7814682.flac,SPOOF,A09,LA_0045,-5.351785659790039,0.004739679982522789,0.9952602801109622,SPOOF,22.69689999957336,cuda:0
903,LA_E_2921544,LA_E_2921544.flac,BONAFIDE,-,LA_0051,-3.653066873550415,0.025911539381050615,0.974088430854732,SPOOF,21.919599999819184,cuda:0
904,LA_E_1539637,LA_E_1539637.flac,BONAFIDE,-,LA_0021,-6.19616174697876,0.0020372350726863063,0.997962818809283,SPOOF,22.02680000118562,cuda:0
905,LA_E_5605376,LA_E_5605376.flac,BONAFIDE,-,LA_0010,-11.033289909362793,1.6154855402492815e-05,0.9999837877990074,SPOOF,23.197399999844492,cuda:0
906,LA_E_8785597,LA_E_8785597.flac,BONAFIDE,-,LA_0042,-0.0011157722910866141,0.9988848499513677,0.0011151385445504298,BONAFIDE,22.997699999905308,cuda:0
907,LA_E_6269576,LA_E_6269576.flac,SPOOF,A16,LA_0014,-0.4245520532131195,0.6540627048057716,0.3459372746482337,BONAFIDE,23.54150000064692,cuda:0
908,LA_E_9309205,LA_E_9309205.flac,BONAFIDE,-,LA_0049,-9.933623313903809,4.851568967392113e-05,0.9999514841747886,SPOOF,51.14549999962037,cuda:0
909,LA_E_3885033,LA_E_3885033.flac,BONAFIDE,-,LA_0063,-0.17952610552310944,0.8356661351567995,0.1643338851369492,BONAFIDE,43.56740000002901,cuda:0
910,LA_E_1697236,LA_E_1697236.flac,BONAFIDE,-,LA_0039,-0.31023526191711426,0.7332744243831479,0.2667255343656632,BONAFIDE,45.26299999997718,cuda:0
911,LA_E_7838104,LA_E_7838104.flac,SPOOF,A16,LA_0027,-2.4423210620880127,0.08695878031465219,0.9130411951598769,SPOOF,27.27740000045742,cuda:0
912,LA_E_9280037,LA_E_9280037.flac,BONAFIDE,-,LA_0034,-5.225822448730469,0.005375936708890251,0.9946241071650651,SPOOF,22.04180000080669,cuda:0
913,LA_E_5150985,LA_E_5150985.flac,BONAFIDE,-,LA_0022,-0.2946375012397766,0.7448015281669417,0.255198502278343,BONAFIDE,23.554299999887007,cuda:0
914,LA_E_1279759,LA_E_1279759.flac,SPOOF,A12,LA_0048,-8.018034934997559,0.00032946681081507615,0.9996704949208665,SPOOF,20.479299999351497,cuda:0
915,LA_E_1927778,LA_E_1927778.flac,BONAFIDE,-,LA_0037,-10.38789176940918,3.080320640301552e-05,0.9999692449491794,SPOOF,23.988499999177293,cuda:0
916,LA_E_4211955,LA_E_4211955.flac,SPOOF,A10,LA_0012,-0.36851146817207336,0.6917632762923397,0.30823670335254033,BONAFIDE,21.290900000167312,cuda:0
917,LA_E_7590420,LA_E_7590420.flac,SPOOF,A19,LA_0004,-9.600754737854004,6.767763833490224e-05,0.9999322937076363,SPOOF,20.85139999871899,cuda:0
918,LA_E_4134756,LA_E_4134756.flac,SPOOF,A09,LA_0018,-9.667001724243164,6.333948014608976e-05,0.9999367038714213,SPOOF,20.915099999911035,cuda:0
919,LA_E_2607678,LA_E_2607678.flac,BONAFIDE,-,LA_0010,-1.251733422279358,0.28600859325161226,0.7139914085310833,SPOOF,22.22330000040529,cuda:0
920,LA_E_7542451,LA_E_7542451.flac,BONAFIDE,-,LA_0021,-2.0010173320770264,0.1351976723216901,0.864802269415948,SPOOF,28.47220000148809,cuda:0
921,LA_E_4311043,LA_E_4311043.flac,BONAFIDE,-,LA_0016,-5.237207889556885,0.0053150764176599285,0.9946849633487518,SPOOF,25.654600000052596,cuda:0
922,LA_E_6856730,LA_E_6856730.flac,BONAFIDE,-,LA_0006,-0.49387770891189575,0.6102554073254307,0.38974460895050933,BONAFIDE,30.55580000000191,cuda:0
923,LA_E_2753829,LA_E_2753829.flac,SPOOF,A08,LA_0004,-8.48974609375,0.0002055654478418601,0.9997944062567485,SPOOF,30.04490000057558,cuda:0
924,LA_E_8923451,LA_E_8923451.flac,SPOOF,A11,LA_0012,-0.4246622920036316,0.653990605698407,0.34600940906823735,BONAFIDE,22.673800000120536,cuda:0
925,LA_E_2239989,LA_E_2239989.flac,SPOOF,A19,LA_0018,-12.292386054992676,4.5865334678310685e-06,0.9999954700677164,SPOOF,24.47319999919273,cuda:0
926,LA_E_9523574,LA_E_9523574.flac,SPOOF,A17,LA_0041,-0.0053357332944869995,0.9946784764460458,0.005321538059532794,BONAFIDE,20.891300000585034,cuda:0
927,LA_E_9410541,LA_E_9410541.flac,BONAFIDE,-,LA_0014,-0.02920687198638916,0.9712155263979348,0.028784442549434,BONAFIDE,24.05929999986256,cuda:0
928,LA_E_3063505,LA_E_3063505.flac,SPOOF,A15,LA_0043,-3.7862467765808105,0.022680567541028374,0.977319398674833,SPOOF,26.07929999976477,cuda:0
929,LA_E_6097786,LA_E_6097786.flac,SPOOF,A17,LA_0027,-9.930691719055176,4.865812670166387e-05,0.9999513649749275,SPOOF,24.38149999943562,cuda:0
930,LA_E_4676835,LA_E_4676835.flac,BONAFIDE,-,LA_0019,-0.09917863458395004,0.9055809255021419,0.0944190625086685,BONAFIDE,24.723000000449247,cuda:0
931,LA_E_5983099,LA_E_5983099.flac,SPOOF,A11,LA_0037,-4.673877239227295,0.009336001351578301,0.9906640111822842,SPOOF,25.21340000021155,cuda:0
932,LA_E_6618439,LA_E_6618439.flac,BONAFIDE,-,LA_0067,-5.021622180938721,0.006593821657091021,0.9934061936517558,SPOOF,20.480299999690033,cuda:0
933,LA_E_1350734,LA_E_1350734.flac,BONAFIDE,-,LA_0012,-8.306229591369629,0.0002469734810254641,0.9997530593477284,SPOOF,24.7732999996515,cuda:0
934,LA_E_4484151,LA_E_4484151.flac,BONAFIDE,-,LA_0041,-0.2545311152935028,0.7752799296529098,0.22472004527474596,BONAFIDE,27.59690000129922,cuda:0
935,LA_E_3176211,LA_E_3176211.flac,SPOOF,A10,LA_0015,-4.983977317810059,0.006846776524641018,0.9931532095152997,SPOOF,26.460799999767914,cuda:0
936,LA_E_3511387,LA_E_3511387.flac,BONAFIDE,-,LA_0031,-5.003495693206787,0.006714434324025795,0.9932855073410201,SPOOF,23.327899998548673,cuda:0
937,LA_E_8859944,LA_E_8859944.flac,BONAFIDE,-,LA_0035,-1.9369559288024902,0.1441420613152374,0.8558579702522738,SPOOF,24.425399999017827,cuda:0
938,LA_E_9059753,LA_E_9059753.flac,BONAFIDE,-,LA_0003,-7.7566375732421875,0.0004278929231484982,0.9995721026051917,SPOOF,23.21210000081919,cuda:0
939,LA_E_3787412,LA_E_3787412.flac,SPOOF,A09,LA_0001,-11.815132141113281,7.391852771392037e-06,0.9999926090786457,SPOOF,19.82519999910437,cuda:0
940,LA_E_2015161,LA_E_2015161.flac,SPOOF,A18,LA_0047,-10.98310661315918,1.698624577980959e-05,0.9999830725678546,SPOOF,20.522999999229796,cuda:0
941,LA_E_8103691,LA_E_8103691.flac,SPOOF,A07,LA_0001,-6.90908145904541,0.0009986746989248986,0.9990013092270472,SPOOF,29.55870000005234,cuda:0
942,LA_E_3485931,LA_E_3485931.flac,BONAFIDE,-,LA_0049,-0.007632498629391193,0.9923965549242129,0.007603445885312477,BONAFIDE,24.802600000839448,cuda:0
943,LA_E_3958034,LA_E_3958034.flac,SPOOF,A12,LA_0008,-9.378497123718262,8.452213343834966e-05,0.9999154877575644,SPOOF,25.122900000496884,cuda:0
944,LA_E_6357976,LA_E_6357976.flac,SPOOF,A10,LA_0026,-2.133781909942627,0.11838871069445465,0.8816112717169168,SPOOF,26.13489999930607,cuda:0
945,LA_E_5269639,LA_E_5269639.flac,BONAFIDE,-,LA_0050,-0.00027640812913887203,0.9997236300680686,0.0002763142829029514,BONAFIDE,21.053099999335245,cuda:0
946,LA_E_9193040,LA_E_9193040.flac,SPOOF,A17,LA_0048,-6.136741638183594,0.0021619565908950556,0.9978380552120913,SPOOF,21.267800000714487,cuda:0
947,LA_E_7642353,LA_E_7642353.flac,SPOOF,A10,LA_0025,-8.093780517578125,0.0003054328773470859,0.9996945599006495,SPOOF,30.365100001290557,cuda:0
948,LA_E_5358177,LA_E_5358177.flac,BONAFIDE,-,LA_0065,-0.08588764816522598,0.9176973304071896,0.08230261797336709,BONAFIDE,30.958600000303704,cuda:0
949,LA_E_7892088,LA_E_7892088.flac,BONAFIDE,-,LA_0043,-0.03556931018829346,0.9650558437096888,0.034944127159189306,BONAFIDE,27.217799999561976,cuda:0
950,LA_E_8544944,LA_E_8544944.flac,BONAFIDE,-,LA_0035,-0.005036524031311274,0.9949761379894049,0.00502380742966457,BONAFIDE,21.1966000006214,cuda:0
951,LA_E_1376027,LA_E_1376027.flac,BONAFIDE,-,LA_0035,-0.11934668570756912,0.8875000638334372,0.1124998929343026,BONAFIDE,22.05080000021553,cuda:0
952,LA_E_4635127,LA_E_4635127.flac,SPOOF,A15,LA_0027,-9.420083999633789,8.107920839928558e-05,0.9999189442570325,SPOOF,22.21099999951548,cuda:0
953,LA_E_2996710,LA_E_2996710.flac,SPOOF,A12,LA_0008,-7.440260887145996,0.0005871320023711124,0.9994128815119437,SPOOF,25.609799999074312,cuda:0
954,LA_E_1141956,LA_E_1141956.flac,SPOOF,A09,LA_0014,-8.554435729980469,0.00019268848701292266,0.9998072757352997,SPOOF,29.022499998973217,cuda:0
955,LA_E_8550757,LA_E_8550757.flac,BONAFIDE,-,LA_0043,-0.1707170456647873,0.8430600872323045,0.15693995571255703,BONAFIDE,25.730600000315462,cuda:0
956,LA_E_5920148,LA_E_5920148.flac,SPOOF,A08,LA_0018,-3.897057294845581,0.020301565151537252,0.9796984238949333,SPOOF,22.659500000372645,cuda:0
957,LA_E_5059968,LA_E_5059968.flac,BONAFIDE,-,LA_0055,-0.04889308661222458,0.9522829360509908,0.047717066174740724,BONAFIDE,23.931600000651088,cuda:0
958,LA_E_4794129,LA_E_4794129.flac,BONAFIDE,-,LA_0048,-1.674785852432251,0.187348295368219,0.8126516433322708,SPOOF,19.378900000447175,cuda:0
959,LA_E_2023260,LA_E_2023260.flac,BONAFIDE,-,LA_0039,-0.05619516223669052,0.9453546203635745,0.05464539167217524,BONAFIDE,24.144499999238178,cuda:0
960,LA_E_3070188,LA_E_3070188.flac,BONAFIDE,-,LA_0048,-0.11158490180969238,0.8944154506891812,0.10558453873654328,BONAFIDE,23.617700000613695,cuda:0
961,LA_E_2648590,LA_E_2648590.flac,BONAFIDE,-,LA_0051,-1.31210458278656,0.2692527948723376,0.7307471961444221,SPOOF,27.97629999986384,cuda:0
962,LA_E_3828016,LA_E_3828016.flac,BONAFIDE,-,LA_0035,-6.123441696166992,0.0021909025513113453,0.9978090946433663,SPOOF,20.86810000037076,cuda:0
963,LA_E_9266084,LA_E_9266084.flac,BONAFIDE,-,LA_0038,-0.2645193338394165,0.7675748085560244,0.23242520784999773,BONAFIDE,26.09600000141654,cuda:0
964,LA_E_6937210,LA_E_6937210.flac,SPOOF,A15,LA_0019,-3.92257022857666,0.019790164075434095,0.9802097981777882,SPOOF,20.98649999970803,cuda:0
965,LA_E_7861904,LA_E_7861904.flac,BONAFIDE,-,LA_0025,-0.02615715004503727,0.974181984836062,0.025818065410636033,BONAFIDE,25.021899999046582,cuda:0
966,LA_E_6630192,LA_E_6630192.flac,BONAFIDE,-,LA_0043,-0.007294568233191967,0.9927319725559198,0.007268046221635096,BONAFIDE,30.0812000004953,cuda:0
967,LA_E_5945714,LA_E_5945714.flac,BONAFIDE,-,LA_0047,-10.044848442077637,4.340879697689664e-05,0.9999566097022262,SPOOF,21.0280999999668,cuda:0
968,LA_E_8801635,LA_E_8801635.flac,SPOOF,A18,LA_0044,-11.088830947875977,1.5282060285514093e-05,0.9999847414437658,SPOOF,23.654000000533415,cuda:0
969,LA_E_6993403,LA_E_6993403.flac,BONAFIDE,-,LA_0038,-4.756337511935271e-05,0.9999524377560001,4.7612443159119275e-05,BONAFIDE,19.868100000167033,cuda:0
970,LA_E_5461916,LA_E_5461916.flac,SPOOF,A12,LA_0009,-6.198680877685547,0.002032109469999915,0.997967923923167,SPOOF,23.370599999907427,cuda:0
971,LA_E_3379393,LA_E_3379393.flac,BONAFIDE,-,LA_0037,-7.4565348625183105,0.0005776543592619567,0.9994222880925699,SPOOF,24.667400000907946,cuda:0
972,LA_E_3358578,LA_E_3358578.flac,BONAFIDE,-,LA_0013,-6.362412929534912,0.001725198902179118,0.9982748044225751,SPOOF,20.629000000553788,cuda:0
973,LA_E_8827813,LA_E_8827813.flac,BONAFIDE,-,LA_0037,-1.478289008140564,0.22802750800954188,0.7719724797003517,SPOOF,27.301999998599058,cuda:0
974,LA_E_6990126,LA_E_6990126.flac,SPOOF,A19,LA_0004,-10.525341033935547,2.684741455202031e-05,0.9999731786297104,SPOOF,61.55320000107167,cuda:0
975,LA_E_8635843,LA_E_8635843.flac,SPOOF,A12,LA_0009,-6.50002908706665,0.0015033954629775532,0.9984966500926983,SPOOF,50.70999999952619,cuda:0
976,LA_E_5504227,LA_E_5504227.flac,SPOOF,A10,LA_0023,-5.585527420043945,0.0037517704889038104,0.9962481884270905,SPOOF,30.745200001547346,cuda:0
977,LA_E_6815564,LA_E_6815564.flac,SPOOF,A14,LA_0002,-9.967741966247559,4.6888319427584896e-05,0.9999531529452337,SPOOF,30.79049999905692,cuda:0
978,LA_E_3471963,LA_E_3471963.flac,BONAFIDE,-,LA_0016,-5.637455463409424,0.0035619203214632563,0.9964381225713086,SPOOF,23.49079999839887,cuda:0
979,LA_E_3034548,LA_E_3034548.flac,BONAFIDE,-,LA_0003,-1.3835402727127075,0.25068947109817175,0.7493105543514598,SPOOF,26.956699999573175,cuda:0
980,LA_E_1633842,LA_E_1633842.flac,BONAFIDE,-,LA_0051,-6.298804759979248,0.0018385009141827686,0.99816148360494,SPOOF,26.034399999844027,cuda:0
981,LA_E_7749055,LA_E_7749055.flac,SPOOF,A13,LA_0003,-6.211698055267334,0.0020058285628812805,0.9979941627756622,SPOOF,31.364400001621107,cuda:0
982,LA_E_7203953,LA_E_7203953.flac,BONAFIDE,-,LA_0010,-5.417166709899902,0.004439707824926911,0.9955602983590552,SPOOF,26.218900000458234,cuda:0
983,LA_E_7012733,LA_E_7012733.flac,BONAFIDE,-,LA_0030,-5.163178443908691,0.0057234789873361475,0.9942765678618426,SPOOF,21.239900001091883,cuda:0
984,LA_E_3951073,LA_E_3951073.flac,SPOOF,A18,LA_0006,-0.006276656873524189,0.9937430001888486,0.006257001256314941,BONAFIDE,22.079099999245955,cuda:0
985,LA_E_6286035,LA_E_6286035.flac,SPOOF,A12,LA_0012,-2.7736079692840576,0.06243632951322254,0.937563660449751,SPOOF,21.142800000234274,cuda:0
986,LA_E_9033329,LA_E_9033329.flac,SPOOF,A10,LA_0020,-5.279273986816406,0.0050961293070138506,0.9949039184608715,SPOOF,20.635299999412382,cuda:0
987,LA_E_2349059,LA_E_2349059.flac,BONAFIDE,-,LA_0018,-10.832444190979004,1.974827936880879e-05,0.9999802116501774,SPOOF,30.21710000029998,cuda:0
988,LA_E_2291153,LA_E_2291153.flac,BONAFIDE,-,LA_0059,-1.318660020828247,0.2674934976402998,0.7325065091142331,SPOOF,20.448699999178643,cuda:0
989,LA_E_6670031,LA_E_6670031.flac,SPOOF,A10,LA_0009,-0.07379759103059769,0.928859684346591,0.07114033961864881,BONAFIDE,21.97849999902246,cuda:0
990,LA_E_6445505,LA_E_6445505.flac,BONAFIDE,-,LA_0026,-0.5909106731414795,0.5538227035538463,0.4461772862081942,BONAFIDE,22.08760000030452,cuda:0
991,LA_E_7755773,LA_E_7755773.flac,SPOOF,A08,LA_0010,-8.358135223388672,0.00023448118135377283,0.9997655702989592,SPOOF,23.10119999856397,cuda:0
992,LA_E_4899093,LA_E_4899093.flac,SPOOF,A17,LA_0022,-3.8612794876098633,0.021041060516424816,0.9789589259626849,SPOOF,23.63610000065819,cuda:0
993,LA_E_5317642,LA_E_5317642.flac,BONAFIDE,-,LA_0017,-5.503939628601074,0.004070702749934564,0.9959293091194275,SPOOF,20.274100001188344,cuda:0
994,LA_E_1663679,LA_E_1663679.flac,SPOOF,A14,LA_0006,-6.69543981552124,0.0012365379060839644,0.998763423290569,SPOOF,20.54150000003574,cuda:0
995,LA_E_4691093,LA_E_4691093.flac,SPOOF,A17,LA_0024,-10.199068069458008,3.7204974985488644e-05,0.9999628080845125,SPOOF,26.30469999894558,cuda:0
996,LA_E_5104493,LA_E_5104493.flac,SPOOF,A13,LA_0009,-10.913153648376465,1.821703070549198e-05,0.9999817613105537,SPOOF,21.161600001505576,cuda:0
997,LA_E_1710987,LA_E_1710987.flac,SPOOF,A10,LA_0045,-0.3841911554336548,0.6810012376498231,0.3189987446665291,BONAFIDE,23.343900000327267,cuda:0
998,LA_E_9180942,LA_E_9180942.flac,BONAFIDE,-,LA_0010,-2.1348793506622314,0.11825885736879335,0.8817411014225714,SPOOF,24.987400000100024,cuda:0
999,LA_E_8262277,LA_E_8262277.flac,SPOOF,A19,LA_0036,-8.631804466247559,0.00017834254154322995,0.9998216947063541,SPOOF,21.66869999928167,cuda:0
1000,LA_E_5490861,LA_E_5490861.flac,BONAFIDE,-,LA_0004,-0.001995121594518423,0.9980068673376297,0.001993080504559623,BONAFIDE,19.272499999715365,cuda:0
